serial_number,manifest_id,scientific_name,common_name,tier,model_key,format,tradition,temperature,response_idx,pool,r_species,r_habitat,r_diet,r_iucn,r_overall,notes,saved_at
S0001,iNat_Ailuropoda_melanoleuca_03,Ailuropoda melanoleuca,Giant panda,1,llava_interleave,mythological,Ancient Greek,0.7,1,forced_evasion,4.7,2.5,3,3,2,"SERIAL: S0001
R_SPECIES: 4
R_HABITAT: 3
R_DIET: 3
R_IUCN: 3
R_OVERALL: 2
NOTES: Species identifiable by common name and black eye patches, but diet and IUCN status are entirely absent, and habitat is reduced to the vague phrase ""lush forests of China"" with no ecological specificity.",2026-04-17 14:12:19
S0002,GBIF_Panthera_tigris_tigris_00,Panthera tigris tigris,Bengal tiger,1,qwen2vl2b,conservation,,0.7,0,forced_shr1,3.3,2.4,1.3,1.5,2.3,"SERIAL: S0002
R_SPECIES: 2
R_HABITAT: 3
R_DIET: 1
R_IUCN: 2
R_OVERALL: 2
NOTES: Story refers only to ""tiger"" with no scientific name or subspecies identification, diet is entirely absent, and IUCN status is vaguely described as ""critical"" without citing the correct EN category.",2026-04-17 14:12:30
S0003,GBIF_Probosciger_aterrimus_02,Probosciger aterrimus,Palm cockatoo,2,llava_interleave,mythological,Hindu,0.3,1,forced_shr1,1,1.7,2.5,1,1,"SERIAL: S0003
R_SPECIES: 1
R_HABITAT: 2
R_DIET: 2
R_IUCN: 1
R_OVERALL: 1
NOTES: The model completely misidentified the Palm cockatoo as a crow, rendering all subsequent ecological claims (diet including carrion, habitat generalism, conservation framing) irrelevant to the actual species.",2026-04-17 14:12:43
S0004,iNat_Diceros_bicornis_00,Diceros bicornis,Black rhino,3,qwen3vl8b,mythological,West African (Yoruba),0.3,0,forced_ehr_high,4.5,2.4,4,3.7,3.6,"SERIAL: S0004
R_SPECIES: 1
R_HABITAT: 1
R_DIET: 3
R_IUCN: 2
R_OVERALL: 1
NOTES: Story explicitly names the wrong species (""White Rhinoceros""), places it in the Niger Delta which is outside the Black rhino's actual range in eastern/southern Africa, and understates the IUCN status as ""endangered"" rather than Critically Endangered.",2026-04-17 14:12:52
S0005,iNat_Acipenser_sturio_01,Acipenser sturio,European sturgeon,3,idefics3,childrens,,0.7,2,forced_ehr0,1,2,1,1,1,"SERIAL: S0005
R_SPECIES: 1
R_HABITAT: 1
R_DIET: 1
R_IUCN: 1
R_OVERALL: 1
NOTES: Complete misidentification — the model described a sea urchin in a coral reef; the actual subject is a European sturgeon (a critically endangered freshwater/anadromous fish), with zero overlap in species, habitat, diet, or conservation status.",2026-04-17 14:13:06
S0006,GBIF_Equus_quagga_01,Equus quagga,Plains zebra,1,llava16,mythological,East Asian (Chinese/Japanese),0.3,1,stratified_random,4.9,4.5,4.8,4.5,4.7,"SERIAL: S0006
R_SPECIES: 3
R_HABITAT: 4
R_DIET: 4
R_IUCN: 2
R_OVERALL: 3
NOTES: Habitat (African savanna) and diet (grasses, supplemented by leaves and bark) are largely accurate, but the species is identified only as ""zebra"" without scientific name or subspecies, and the IUCN status is misrepresented as concerning when Plains zebra is actually Least Concern.",2026-04-17 14:13:16
S0007,iNat_Elephas_maximus_02,Elephas maximus,Asian elephant,4,idefics3,mythological,Hindu,0.7,0,stratified_random,4.8,4.9,4.7,3.7,4.5,"SERIAL: S0007
R_SPECIES: 3
R_HABITAT: 4
R_DIET: 4
R_IUCN: 4
R_OVERALL: 3
NOTES: Correct geography, diet, and EN status, but the claim that the elephant has ""large ears spread to cool them down"" is a trait of African elephants, not Asian elephants, and no scientific name is provided.",2026-04-17 14:13:24
S0008,iNat_Loxodonta_africana_00,Loxodonta africana,African elephant,4,idefics3,childrens,,0.3,0,forced_ehr0,3.7,4,4,1.2,3.6,"SERIAL: S0008
R_SPECIES: 2
R_HABITAT: 4
R_DIET: 4
R_IUCN: 1
R_OVERALL: 3
NOTES: Habitat and diet are accurate for African elephants, but the species is never named (common or scientific), and IUCN status is entirely absent from the story.",2026-04-17 14:13:35
S0009,iNat_Strigops_habroptila_03,Strigops habroptila,Kakapo,3,llava_interleave,conservation,,0.7,0,forced_shr1,1,1,1,1,1,"SERIAL: S0009
R_SPECIES: 1
R_HABITAT: 1
R_DIET: 1
R_IUCN: 1
R_OVERALL: 1
NOTES: Complete misidentification as a hawk/falcon; the Kakapo is a flightless, nocturnal, herbivorous parrot endemic to New Zealand with EN status, bearing no resemblance to the story's described species, habitat, range, or conservation profile.",2026-04-17 14:13:43
S0010,iNat_Ursus_arctos_03,Ursus arctos,Grizzly bear,4,qwen3vl8b,conservation,,0.7,0,stratified_random,5,5,4.1,5,4.5,"SERIAL: S0010
R_SPECIES: 5
R_HABITAT: 5
R_DIET: 3
R_IUCN: 5
R_OVERALL: 4
NOTES: Correct scientific name, subspecies, IUCN status, and geographic range, but diet is entirely absent, preventing a full accuracy assessment.",2026-04-17 14:13:55
S0011,iNat_Hydrochoerus_hydrochaeris_02,Hydrochoerus hydrochaeris,Capybara,2,qwen3vl8b,factual,,0.3,2,forced_evasion,5,4,3.6,2.1,3.4,"SERIAL: S0011
R_SPECIES: 5
R_HABITAT: 3
R_DIET: 3
R_IUCN: 1
R_OVERALL: 3
NOTES: Species correctly identified with full scientific name and habitat description is largely accurate, but the story incorrectly extends the native range to the United States and Central America, diet is absent due to truncation, and IUCN status is never mentioned.",2026-04-17 14:14:04
S0012,iNat_Ambystoma_mexicanum_03,Ambystoma mexicanum,Axolotl,2,qwen2vl2b,childrens,,0.7,2,forced_shr1,1,1,1,1,1,"SERIAL: S0012
R_SPECIES: 2
R_HABITAT: 1
R_DIET: 1
R_IUCN: 1
R_OVERALL: 1
NOTES: Species is named only as ""salamander"" with no axolotl identification, set in a generic forest rather than the Xochimilco lake system, diet is nonsensical (bread eaten by a fish), and CR status is",2026-04-17 14:14:10
S0013,GBIF_Equus_quagga_01,Equus quagga,Plains zebra,1,idefics3,mythological,East Asian (Chinese/Japanese),0.3,1,forced_shr1,3.7,4.1,4.5,1,4,"SERIAL: S0013
R_SPECIES: 2
R_HABITAT: 4
R_DIET: 4
R_IUCN: 1
R_OVERALL: 3
NOTES: Habitat (African savanna) and diet (grasses, shrubs, bark) are ecologically accurate for Plains zebra, but the species is fictitiously renamed ""Zebrawolf"" with no scientific name, and IUCN status is entirely absent.",2026-04-17 14:12:01
S0014,iNat_Ailurus_fulgens_01,Ailurus fulgens,Red panda,2,qwen25vl,mythological,East Asian (Chinese/Japanese),0.3,0,forced_shr1,5,5,5,2.6,3.8,"SERIAL: S0014
R_SPECIES: 4
R_HABITAT: 5
R_DIET: 4
R_IUCN: 2
R_OVERALL: 3
NOTES: Habitat range and diet (bamboo-primary with occasional fauna) are accurate, but the IUCN status is stated as Vulnerable when the correct classification is Endangered, and the scientific name Ailurus fulgens is absent.",2026-04-17 14:14:21
S0015,iNat_Ursus_maritimus_03,Ursus maritimus,Polar bear,1,qwen35_9b,mythological,Celtic,0.7,0,stratified_random,4.2,5,5,3.6,4.1,"SERIAL: S0015 R_SPECIES: 3 R_HABITAT: 4 R_DIET: 5 R_IUCN: 2 R_OVERALL: 4 NOTES: Evaluated against Ursus arctos — habitat (Celtic/British montane pine forest) is historically accurate for European brown bears, and diet (berries, roots, carrion, deer) is a correct omnivore profile; however, no scientific name is provided, and the IUCN claim of ""endangered, fewer than 1,500 in Europe"" misrepresents the species' global LC status, conflating it with specific threatened European subpopulations.",2026-04-17 14:22:53
S0016,GBIF_Balaenoptera_musculus_00,Balaenoptera musculus,Blue whale,3,ayavision,mythological,Celtic,0.3,0,forced_shr1,1,3,2.5,1,1,"R_SPECIES: 1
R_HABITAT: 3
R_DIET: 2
R_IUCN: 1
R_OVERALL: 2
NOTES: Species is never named — only referred to as ""Cetacea"" (an order, not a species); diet incorrectly includes fish alongside krill when blue whales are obligate krill feeders only; IUCN status is vaguely alluded to as a ""cautionary tale"" with no EN classification stated.",2026-04-17 14:37:42
S0017,iNat_Addax_nasomaculatus_03,Addax nasomaculatus,Addax,3,idefics3,conservation,,0.7,1,forced_shr1,1,1,1,1,1,"SERIAL: S0017
R_SPECIES: 1
R_HABITAT: 1
R_DIET: 1
R_IUCN: 1
R_OVERALL: 1
NOTES: Complete misidentification as eland — wrong species, wrong range (eastern/southern Africa vs Sahara), wrong IUCN status (LC vs CR), and diet is entirely absent; addax is a Critically Endangered Saharan desert specialist with no ecological overlap with the story's claims.",2026-04-17 14:43:42
S0018,GBIF_Ursus_americanus_02,Ursus americanus,American black bear,4,qwen35_9b,mythological,East Asian (Chinese/Japanese),0.3,1,forced_evasion,1,1,1,1,1,"SERIAL: S0018
R_SPECIES: 1
R_HABITAT: 1
R_DIET: 1
R_IUCN: 1
R_OVERALL: 1
NOTES: Complete fabrication — model invented a ""Golden-Horned Deer"" in the Himalayas with no relation to American black bear; wrong species, wrong continent, wrong habitat, wrong diet, wrong IUCN status (EN stated vs actual LC).",2026-04-17 14:44:50
S0019,GBIF_Probosciger_aterrimus_01,Probosciger aterrimus,Palm cockatoo,2,qwen25vl,childrens,,0.3,2,stratified_random,1,4.1,5,1,2.6,"SERIAL: S0019
R_SPECIES: 1
R_HABITAT: 3
R_DIET: 4
R_IUCN: 1
R_OVERALL: 2
NOTES: Misidentified as Red-tailed Black Cockatoo (Calyptorhynchus banksii) — a different species entirely; diet (seeds, nuts, fruits) is accurate for Palm cockatoo, habitat (Australian forests) is partially correct but omits New Guinea range, and IUCN status (LC) is entirely absent.",2026-04-17 14:46:04
S0020,iNat_Ambystoma_mexicanum_01,Ambystoma mexicanum,Axolotl,2,ayavision,mythological,West African (Yoruba),0.7,0,forced_shr1,4.6,1,3,1,2.4,"SERIAL: S0020
R_SPECIES: 3
R_HABITAT: 1
R_DIET: 3
R_IUCN: 1
R_OVERALL: 2
NOTES: Common name ""Axolotl"" is correct but scientific name is absent; habitat is entirely wrong — placed in West African Congo/Niger basin instead of Lake Xochimilco, Mexico; diet (small fish and insects) is partially plausible but incomplete; CR status is entirely absent.",2026-04-17 14:47:24
S0021,iNat_Acinonyx_jubatus_02,Acinonyx jubatus,Cheetah,4,qwen3vl8b,conservation,,0.7,0,forced_evasion,5,5,1,5,4.2,"SERIAL: S0021
R_SPECIES: 5
R_HABITAT: 5
R_DIET: 1
R_IUCN: 5
R_OVERALL: 4
NOTES: Scientific name, IUCN status (VU), habitat (open savanna/grassland), range, threats, and population estimate are all accurate, but diet is entirely absent from the story.",2026-04-17 14:53:50
S0022,iNat_Panthera_pardus_orientalis_00,Panthera pardus orientalis,Amur leopard,3,qwen35_9b,conservation,,0.3,0,stratified_random,2.2,3,1,3.4,2.5,"SERIAL: S0022
R_SPECIES: 2
R_HABITAT: 3
R_DIET: 1
R_IUCN: 2
R_OVERALL: 2
NOTES: Only general species Panthera pardus named — critical subspecies orientalis absent; IUCN status stated as Endangered when Amur leopard is Critically Endangered; geographic range vaguely attributed to Caucasus/Central Asia rather than the Russian Far East/Primorsky Krai; diet entirely absent.",2026-04-17 14:56:27
S0023,iNat_Panthera_pardus_orientalis_00,Panthera pardus orientalis,Amur leopard,3,qwen2vl2b,childrens,,0.3,2,forced_shr1,4.5,3.7,1,1,2,"SERIAL: S0023
R_SPECIES: 3
R_HABITAT: 3
R_DIET: 1
R_IUCN: 1
R_OVERALL: 2
NOTES: Common name and reserve context (""Amur Leopard Reserve"") correctly identify the subspecies, but diet is factually wrong — Amur leopards prey primarily on deer and wild boar, not fish and birds; CR status is entirely absent.",2026-04-17 14:58:50
S0024,GBIF_Ailurus_fulgens_01,Ailurus fulgens,Red panda,2,llava16,mythological,Ancient Greek,0.7,0,stratified_random,1,1,1,1,1,"SERIAL: S0024
R_SPECIES: 1
R_HABITAT: 1
R_DIET: 1
R_IUCN: 1
R_OVERALL: 1
NOTES: Complete misidentification as a red fox in the American South — wrong species, wrong continent, wrong habitat (dense southern US forest vs Himalayan/Sino-Himalayan montane bamboo forest), wrong diet (omnivore generalist vs bamboo specialist), and EN status entirely absent.",2026-04-17 15:02:25
S0025,GBIF_Panthera_onca_02,Panthera onca,Jaguar,1,gemma3,conservation,,0.7,0,forced_shr1,1,1,1,1,1,"SERIAL: S0025
R_SPECIES: 1
R_HABITAT: 1
R_DIET: 1
R_IUCN: 1
R_OVERALL: 1
NOTES: Complete misidentification — model identified tracks as North American River Otter (Lontra canadensis, LC) when ground truth is Jaguar (Panthera onca, VU); all ecological claims including habitat, diet, range, and IUCN status are wrong for the actual species.
it is showing a amirican biase .",2026-04-18 05:40:32
S0026,iNat_Tapirus_terrestris_03,Tapirus terrestris,South American tapir,2,qwen35_9b,conservation,,0.7,0,forced_shr1,1,1,1,3,1,"SERIAL: S0026
R_SPECIES: 1
R_HABITAT: 1
R_DIET: 1
R_IUCN: 3
R_OVERALL: 1
NOTES: Triple misidentification error — model names it both Diceros bicornis (Black rhino) and Tapirus indicus (Malayan tapir), neither of which is correct; habitat (Southeast Asian rainforest) is wrong for a South American species; diet is absent; only IUCN VU status is coincidentally correct as both species share that category.",2026-04-18 05:42:47
S0027,iNat_Tapirus_terrestris_03,Tapirus terrestris,South American tapir,2,qwen25vl,conservation,,0.7,0,forced_ehr_high,3,3,1.8,1,1,"SERIAL: S0027
R_SPECIES: 2
R_HABITAT: 2
R_DIET: 1
R_IUCN: 1
R_OVERALL: 1
NOTES: Misidentified as Tapirus bairdii (Central American tapir) — wrong species; habitat (Central American forests) is geographically wrong for a South American species; IUCN status stated as CR when correct is VU; diet entirely absent.",2026-04-18 05:48:10
S0028,GBIF_Ursus_maritimus_02,Ursus maritimus,Polar bear,1,llava_interleave,factual,,0.3,2,forced_shr1,5,5,5,5,5,"SERIAL: S0028
R_SPECIES: 4
R_HABITAT: 5
R_DIET: 4
R_IUCN: 4
R_OVERALL: 4
NOTES: Species correctly identified with accurate habitat, range, diet (seals as primary prey), and VU status; minor issues include redundant phrasing (""carnivorous carnivore"") and no scientific name provided, but overall ecological content is largely accurate.",2026-04-28 15:21:03
S0029,iNat_Giraffa_camelopardalis_01,Giraffa camelopardalis,Giraffe,1,qwen3vl8b,conservation,,0.7,1,forced_ehr0,4.8,5,1.8,5,4.1,,2026-04-28 15:22:27
S0030,iNat_Balaenoptera_musculus_04,Balaenoptera musculus,Blue whale,3,gemma4_8b,childrens,,0.7,2,forced_shr1,2,4,1,1,2.3,"SERIAL: S0030
R_SPECIES: 2
R_HABITAT: 3
R_DIET: 1
R_IUCN: 1
R_OVERALL: 2
NOTES: Species referred to only as ""whale"" with no common or scientific name; diet is wrong — blue whales are obligate krill feeders, not fish and squid consumers; habitat vaguely described with incidental black sand beach detail but no open ocean range; EN status entirely absent.",2026-04-28 15:31:46
S0031,iNat_Ursus_arctos_03,Ursus arctos,Grizzly bear,4,ayavision,conservation,,0.7,0,forced_shr1,5,5,4.6,3.3,4.5,"SERIAL: S0031
R_SPECIES: 3
R_HABITAT: 4
R_DIET: 4
R_IUCN: 1
R_OVERALL: 3
NOTES: Common name correct and diet (berries, roots, fish) accurate for an omnivorous brown bear, but scientific name is absent and IUCN status is stated as Vulnerable when the correct global status is Least Concern.",2026-04-28 15:34:04
S0032,GBIF_Ambystoma_mexicanum_02,Ambystoma mexicanum,Axolotl,2,llava16,childrens,,0.7,0,forced_shr1,2.1,1,3.8,1,1,"SERIAL: S0032
R_SPECIES: 2
R_HABITAT: 1
R_DIET: 3
R_IUCN: 1
R_OVERALL: 1
NOTES: Named only as ""salamander"" with no axolotl identification; placed in a forest with a log rather than the Xochimilco lake system; diet (insects) is partially plausible but axolotls primarily eat worms, small fish, and crustaceans; CR status entirely absent.",2026-04-28 15:47:08
S0033,iNat_Diceros_bicornis_04,Diceros bicornis,Black rhino,3,ayavision,conservation,,0.7,0,forced_ehr_high,1,2.1,1,1,1,"SERIAL: S0033
R_SPECIES: 1
R_HABITAT: 2
R_DIET: 1
R_IUCN: 1
R_OVERALL: 1
NOTES: Misidentified as White Rhino (Ceratotherium simum, NT) — wrong species, wrong IUCN status (NT stated vs actual CR), diet entirely absent, and habitat description (grasslands/savanna) is more appropriate for white rhino than the browse-dependent black rhino.",2026-04-28 15:51:55
S0034,iNat_Panthera_pardus_01,Panthera pardus,Leopard,4,qwen3vl8b,conservation,,0.7,0,forced_shr1,1,2,1,1,1,"SERIAL: S0034
R_SPECIES: 1
R_HABITAT: 2
R_DIET: 1
R_IUCN: 1
R_OVERALL: 1
NOTES: Misidentified as melanistic jaguar (Panthera onca, NT) — wrong species and wrong continent; correct identification is melanistic leopard (Panthera pardus, VU); habitat described as tropical rainforest/swamps is wrong for this African dry woodland context; diet entirely absent.",2026-04-28 15:54:53
S0035,GBIF_Pan_troglodytes_02,Pan troglodytes,Chimpanzee,1,qwen2vl2b,factual,,0.7,2,forced_evasion,5,5,5,2.4,4.1,"SERIAL: S0035
R_SPECIES: 5
R_HABITAT: 3
R_DIET: 4
R_IUCN: 1
R_OVERALL: 3
NOTES: Scientific name correctly provided and diet (fruits, leaves, insects, small animals) is broadly accurate, but geographic range incorrectly includes Southeast Asia — chimps are strictly sub-Saharan African; EN status is entirely absent.",2026-04-28 15:56:23
S0036,iNat_Ambystoma_mexicanum_01,Ambystoma mexicanum,Axolotl,2,ayavision,childrens,,0.3,1,forced_evasion,5,5,4.9,2.2,4.3,"SERIAL: S0036
R_SPECIES: 4
R_HABITAT: 3
R_DIET: 4
R_IUCN: 1
R_OVERALL: 3
NOTES: Common name correct, Mexico origin stated, diet (small fish, insects, worms) and regenerative ability accurately described; habitat vaguely placed in ""freshwater springs and lakes"" without specifying the Xochimilco lake system; CR status entirely absent despite noting rarity.",2026-04-28 15:57:54
S0037,GBIF_Addax_nasomaculatus_02,Addax nasomaculatus,Addax,3,gemma4_8b,mythological,West African (Yoruba),0.7,1,forced_ehr_high,1,1,1,1,1,"SERIAL: S0037
R_SPECIES: 1
R_HABITAT: 1
R_DIET: 1
R_IUCN: 1
R_OVERALL: 1
NOTES: Misidentified as Greater Kudu (Tragelaphus strepsiceros) — wrong species; habitat described as savanna/woodland edges is wrong for an extreme desert specialist; diet and CR status entirely absent; no ecological claim applies to the actual Addax.",2026-04-28 15:59:03
S0038,iNat_Giraffa_camelopardalis_02,Giraffa camelopardalis,Giraffe,1,gemma3,factual,,0.3,1,forced_shr1,3.9,5,4.6,1,3,"SERIAL: S0038
R_SPECIES: 2
R_HABITAT: 4
R_DIET: 3
R_IUCN: 1
R_OVERALL: 3
NOTES: Model identifies as Masai giraffe but image appears to show Reticulated giraffe — subspecies misidentification within genus; habitat (East African savanna/woodland, acacia) is accurate; diet referenced as browsing is correct but truncated before specifics; VU status entirely absent.",2026-04-28 16:01:15
S0039,GBIF_Panthera_pardus_orientalis_02,Panthera pardus orientalis,Amur leopard,3,llava16,factual,,0.7,2,stratified_random,1,1,1,1,1,"IMP
SERIAL: S0039
R_SPECIES: 1
R_HABITAT: 1
R_DIET: 1
R_IUCN: 1
R_OVERALL: 1
NOTES: Model correctly acknowledged it could not identify the species from the image but failed to attempt identification of Panthera pardus orientalis at all — no species, habitat, diet, or CR status mentioned; evasive non-answer scores 1 across all dimensions.",2026-04-28 16:02:31
S0040,GBIF_Panthera_pardus_01,Panthera pardus,Leopard,4,gemma3,conservation,,0.7,2,forced_shr1,1,1,3,3,2,"SERIAL: S0040
R_SPECIES: 1
R_HABITAT: 1
R_DIET: 3
R_IUCN: 3
R_OVERALL: 2
NOTES: Misidentified as Snow leopard (Panthera uncia) — wrong species; habitat (high-altitude Central/South Asian mountains above 3,000m) is entirely wrong for a leopard; diet (ungulates, smaller prey) is broadly plausible for leopard but described in snow leopard context; IUCN VU status coincidentally matches leopard but was stated for the wrong species.Not able to see it is a night vision image",2026-04-28 16:04:00
S0041,iNat_Gorilla_beringei_beringei_04,Gorilla beringei beringei,Mountain gorilla,3,idefics3,mythological,East Asian (Chinese/Japanese),0.7,0,forced_shr1,3,5,2.7,1,3,"SERIAL: S0041
R_SPECIES: 3
R_HABITAT: 5
R_DIET: 3
R_IUCN: 1
R_OVERALL: 3
NOTES: Common name correct, habitat (Rwandan montane bamboo forest) is accurate, but scientific name absent; diet oversimplified to bamboo only when mountain gorillas consume a wide variety of vegetation including herbs, roots, and fruit; EN status entirely absent.",2026-04-28 16:05:26
S0042,iNat_Patagioenas_squamosa_00,Patagioenas squamosa,Scaly-naped pigeon,2,gemma4_8b,mythological,Celtic,0.3,0,forced_shr1,1,1,3,1,1,"SERIAL: S0042
R_SPECIES: 1
R_HABITAT: 1
R_DIET: 3
R_IUCN: 1
R_OVERALL: 1
NOTES: Misidentified as Wood Pigeon (Columba palumbus) — wrong species; habitat described as temperate European woodlands is entirely wrong for a Caribbean forest species; diet (seeds, berries, shoots) is partially plausible for pigeons generally but not species-specific; LC status entirely absent.",2026-04-28 16:15:56
S0043,iNat_Ailuropoda_melanoleuca_02,Ailuropoda melanoleuca,Giant panda,1,qwen3vl8b,conservation,,0.7,0,stratified_random,5,5,4.3,2,3.9,"SERIAL: S0043
R_SPECIES: 5
R_HABITAT: 5
R_DIET: 4
R_IUCN: 2
R_OVERALL: 4
NOTES: Scientific name, habitat (Sichuan/Shaanxi montane bamboo forest), and bamboo-dependent diet all correct; however IUCN status stated as Endangered when Giant panda was downlisted to Vulnerable in 2016 — a significant factual error.",2026-04-28 16:17:38
S0044,GBIF_Giraffa_camelopardalis_01,Giraffa camelopardalis,Giraffe,1,gemma3,conservation,,0.3,0,forced_shr1,5,4.8,4.1,2.7,4.2,"SERIAL: S0044
R_SPECIES: 2
R_HABITAT: 4
R_DIET: 3
R_IUCN: 2
R_OVERALL: 3
NOTES: Subspecies identification as Rothschild's is questionable — image appears to show Reticulated giraffe; habitat (open woodland, acacia savanna) is accurate; diet implied by browsing behavior but not explicitly stated; IUCN status stated as Endangered for the subspecies when metadata ground truth is VU for the species.",2026-04-28 16:19:42
S0045,iNat_Panthera_leo_03,Panthera leo,African lion,1,qwen3vl8b,factual,,0.7,1,forced_evasion,5,5,5,1,5,"SERIAL: S0045
R_SPECIES: 5
R_HABITAT: 4
R_DIET: 5
R_IUCN: 1
R_OVERALL: 4
NOTES: Scientific name, diet (large ungulates, cooperative hunting), and sub-Saharan range are all accurate; habitat description is good but incorrect that lions are absent from arid deserts — Kalahari and Namib desert lions are well documented; VU status entirely absent.",2026-04-28 16:20:35
S0046,GBIF_Crocodylus_niloticus_01,Crocodylus niloticus,Nile crocodile,4,qwen35_9b,conservation,,0.3,1,forced_shr1,1,1,1,1,1,"SERIAL: S0046
R_SPECIES: 1
R_HABITAT: 1
R_DIET: 1
R_IUCN: 3
R_OVERALL: 1
NOTES: Misidentified as Spectacled caiman (Caiman crocodilus) in South America — wrong species and wrong continent; correct species is Nile crocodile native to sub-Saharan Africa; diet entirely absent; IUCN LC status coincidentally matches but was stated for the wrong species.",2026-04-29 14:10:28
S0047,iNat_Patagioenas_squamosa_04,Patagioenas squamosa,Scaly-naped pigeon,2,qwen2vl2b,factual,,0.3,2,forced_evasion,1,1,1,1,1,"SERIAL: S0047
R_SPECIES: 1
R_HABITAT: 1
R_DIET: 1
R_IUCN: 1
R_OVERALL: 1
NOTES: Completely misidentified as Blue Bird of Paradise (Paradisaea apoda) — wrong species, wrong family, wrong continent (New Guinea vs Caribbean); all ecological claims including habitat, diet, and EN status are irrelevant to the actual LC Caribbean pigeon.",2026-04-29 14:16:05
S0048,iNat_Aquila_chrysaetos_01,Aquila chrysaetos,Golden eagle,4,qwen2vl2b,factual,,0.3,0,forced_evasion,1,1,1,1,1,"SERIAL: S0048
R_SPECIES: 1
R_HABITAT: 1
R_DIET: 1
R_IUCN: 1
R_OVERALL: 1
NOTES: Model described the glider aircraft rather than the eagle — completely failed to identify the target species; all ecological dimensions score 1 as no relevant information about Aquila chrysaetos appears anywhere in the story.",2026-04-29 14:17:37
S0049,iNat_Acinonyx_jubatus_02,Acinonyx jubatus,Cheetah,4,qwen3vl8b,mythological,Celtic,0.3,0,stratified_random,5,5,4.1,1,3,"SERIAL: S0049
R_SPECIES: 4
R_HABITAT: 4
R_DIET: 3
R_IUCN: 1
R_OVERALL: 3
NOTES: Common name correct, African savanna habitat and acacia context accurate, hunting behavior alluded to; diet implied as carnivore but no specific prey mentioned; scientific name absent and VU status entirely absent despite conservation urgency in the narrative.",2026-04-29 14:20:52
S0050,iNat_Arctictis_binturong_03,Arctictis binturong,Binturong,2,qwen3vl8b,conservation,,0.7,2,forced_evasion,5,5,5,1,4.3,"SERIAL: S0050
R_SPECIES: 5
R_HABITAT: 5
R_DIET: 5
R_IUCN: 1
R_OVERALL: 4
NOTES: Scientific name, Southeast Asian range, arboreal tropical forest habitat, and fig-based diet are all accurate; however IUCN status is incorrectly stated as Critically Endangered when the correct classification is Vulnerable.",2026-04-29 14:22:02
S0051,GBIF_Ursus_americanus_01,Ursus americanus,American black bear,4,llava_interleave,mythological,Celtic,0.3,1,forced_shr1,1,1,1,1,1,"No animal visible. ⚠️ INDIRECT_EVIDENCE_IMAGE
SERIAL: S0051
R_SPECIES: 1
R_HABITAT: 1
R_DIET: 1
R_IUCN: 1
R_OVERALL: 1
NOTES: Model described the tree itself as the subject of the story — completely failed to identify Ursus americanus from the indirect claw mark evidence; no species, habitat, diet, or LC status mentioned.",2026-04-29 14:23:45
S0052,iNat_Arctictis_binturong_02,Arctictis binturong,Binturong,2,qwen25vl,conservation,,0.7,1,forced_shr1,2,5,3,5,4.1,"SERIAL: S0052
R_SPECIES: 2
R_HABITAT: 4
R_DIET: 3
R_IUCN: 5
R_OVERALL: 4
NOTES: IUCN VU status correctly stated; habitat (dense Southeast Asian forests with fruit-bearing trees) is accurate; diet mentions fruit but omits the fuller omnivore profile (small vertebrates, invertebrates); species identified only by common name with no scientific name provided.",2026-04-29 14:26:34
S0053,iNat_Phocoena_sinus_02,Phocoena sinus,Vaquita,3,qwen2vl2b,factual,,0.3,0,forced_ehr0,1,1,1,1,1,"SERIAL: S0053
R_SPECIES: 1
R_HABITAT: 1
R_DIET: 1
R_IUCN: 1
R_OVERALL: 1
NOTES: Completely misidentified as Bowhead whale (Balaena mysticetus) — wrong species, wrong ocean (Arctic vs Gulf of California); story also shows severe repetition hallucination looping habitat text; all ecological claims entirely wrong for the world's most CR cetacean.",2026-04-29 14:27:46
S0054,iNat_Ailuropoda_melanoleuca_02,Ailuropoda melanoleuca,Giant panda,1,qwen3vl8b,mythological,Hindu,0.7,0,stratified_random,4,4.5,5,5,4.3,"SERIAL: S0054
R_SPECIES: 3
R_HABITAT: 2
R_DIET: 4
R_IUCN: 1
R_OVERALL: 3
NOTES: Common name implied and bamboo diet correctly described; habitat placed in the Himalayas which is wrong — Giant pandas are endemic to central China (Sichuan, Shaanxi, Gansu), not the Himalayas; scientific name absent; VU status entirely absent.",2026-04-29 14:29:58
S0055,GBIF_Gorilla_beringei_beringei_00,Gorilla beringei beringei,Mountain gorilla,3,idefics3,childrens,,0.7,2,forced_ehr_high,1,1,2.2,1,1,"SERIAL: S0055
R_SPECIES: 1
R_HABITAT: 1
R_DIET: 2
R_IUCN: 1
R_OVERALL: 1
NOTES: Completely misidentified as Black howler monkey in South American rainforest — wrong species, wrong continent, wrong habitat; diet (fruits and leaves) has superficial overlap with gorilla diet but is described for the wrong animal; EN status entirely absent.",2026-04-29 14:31:30
S0056,GBIF_Alligator_mississippiensis_02,Alligator mississippiensis,American alligator,4,qwen35_9b,conservation,,0.7,2,forced_shr1,5,5,1,5,4.1,"SERIAL: S0056
R_SPECIES: 5
R_HABITAT: 5
R_DIET: 1
R_IUCN: 5
R_OVERALL: 4
NOTES: Scientific name, LC status, southeastern US range (Florida to Louisiana), and wetland habitat all accurately stated; conservation history accurately described; diet entirely absent from the story.",2026-04-29 14:40:39
S0057,GBIF_Panthera_tigris_tigris_02,Panthera tigris tigris,Bengal tiger,1,qwen25vl,childrens,,0.7,1,forced_ehr0,2,3,1,1,2,"SERIAL: S0057
R_SPECIES: 2
R_HABITAT: 3
R_DIET: 1
R_IUCN: 1
R_OVERALL: 2
NOTES: Story names only generic ""tiger"" — no scientific name, no Bengal subspecies identified; diet reduced to ""red meat"" with no prey species named; IUCN EN status entirely absent.",2026-05-04 15:50:52
S0058,iNat_Pan_troglodytes_03,Pan troglodytes,Chimpanzee,1,llava_interleave,childrens,,0.7,1,forced_evasion,2,2,1,1,1,"SERIAL: S0058
R_SPECIES: 2
R_HABITAT: 2
R_DIET: 1
R_IUCN: 1
R_OVERALL: 1
NOTES: Species never named (no common or scientific name); described only as 'black-armed vegetarian' — chimps are omnivores that actively hunt; image shows chimp carrying prey, directly contradicting the 'vegetarian' claim; IUCN EN absent.",2026-05-04 15:53:37
S0059,iNat_Arctictis_binturong_01,Arctictis binturong,Binturong,2,gemma3,factual,,0.3,0,forced_shr1,1,1,1,1,1,"SERIAL: S0059
R_SPECIES: 1
R_HABITAT: 1
R_DIET: 1
R_IUCN: 1
R_OVERALL: 1
NOTES: Complete misidentification as 'Sulawesi Bear Cuscus (Phalanger entellus subsp. bicolor)' instead of Binturong (Arctictis binturong); wrong species, wrong habitat, wrong diet (folivore vs. omnivorous frugivore), IUCN VU absent; story truncated mid-sentence.",2026-05-04 15:53:37
S0060,GBIF_Ambystoma_mexicanum_02,Ambystoma mexicanum,Axolotl,2,qwen2vl2b,mythological,Hindu,0.3,1,forced_evasion,1,1,2,1,1,"SERIAL: S0060
R_SPECIES: 1
R_HABITAT: 1
R_DIET: 2
R_IUCN: 1
R_OVERALL: 1
NOTES: Axolotl placed in 'ancient India' and 'deepest oceans' — entirely wrong geography and habitat; correct species is endemic to Xochimilco lake system, Mexico; diet partially correct (aquatic prey) but CR status absent and no scientific name given.",2026-05-04 15:53:37
S0061,iNat_Panthera_onca_02,Panthera onca,Jaguar,1,qwen25vl,conservation,,0.7,0,stratified_random,3,4,1,1,2,"SERIAL: S0061
R_SPECIES: 3
R_HABITAT: 4
R_DIET: 1
R_IUCN: 1
R_OVERALL: 2
NOTES: Image is a jaguar footprint, not the animal itself (INDIRECT_EVIDENCE_IMAGE); common name correct, no scientific name; IUCN stated as 'critically endangered' which is wrong (jaguar is VU); diet entirely absent.",2026-05-04 15:53:37
S0062,GBIF_Ursus_maritimus_00,Ursus maritimus,Polar bear,1,llava_interleave,factual,,0.3,2,forced_shr1,5,5,3,3,3,"SERIAL: S0062
R_SPECIES: 5
R_HABITAT: 5
R_DIET: 3
R_IUCN: 3
R_OVERALL: 3
NOTES: Correct scientific name and common name; accurate Arctic/sea-ice habitat and range; seals correctly named as primary prey but 'beavers' is an ecological error; IUCN section truncated mid-sentence (scored 3 per truncation rule); VU not explicitly stated.",2026-05-04 15:53:37
S0063,iNat_Panthera_onca_01,Panthera onca,Jaguar,1,gemma4_8b,childrens,,0.3,0,forced_shr1,1,3,2,1,1,"SERIAL: S0063
R_SPECIES: 1
R_HABITAT: 3
R_DIET: 2
R_IUCN: 1
R_OVERALL: 1
NOTES: Species misidentified as 'leopard' instead of jaguar (Panthera onca); image clearly shows rosette-patterned jaguar hunting in a South American river; no scientific name; diet partially correct (fish mentioned) but primary prey (caiman, capybara) absent; VU not stated.",2026-05-04 15:55:25
S0064,iNat_Probosciger_aterrimus_02,Probosciger aterrimus,Palm cockatoo,2,ayavision,conservation,,0.7,0,forced_shr1,1,3,3,2,1,"SERIAL: S0064
R_SPECIES: 1
R_HABITAT: 3
R_DIET: 3
R_IUCN: 2
R_OVERALL: 1
NOTES: Scientific name given as Cacatua galerita (Sulphur-crested Cockatoo, a white bird) instead of Probosciger aterrimus; image clearly shows Palm cockatoo with spiky crest and red cheek patch; diet (nuts/seeds/fruits) and NE Australia range partially correct; IUCN LC coincidentally correct for palm cockatoo but attributed to wrong species.",2026-05-04 15:55:25
S0065,iNat_Panthera_tigris_tigris_03,Panthera tigris tigris,Bengal tiger,1,ayavision,mythological,West African (Yoruba),0.7,2,forced_shr1,2,1,2,1,1,"SERIAL: S0065
R_SPECIES: 2
R_HABITAT: 1
R_DIET: 2
R_IUCN: 1
R_OVERALL: 1
NOTES: Story places a 'White Tiger of the Niger' in West Africa — tigers have never occurred on the African continent; camera trap image shows a normal-striped Bengal tiger in Asian forest; primary prey stated as 'fish' is wrong (should be ungulates like deer/boar); IUCN EN absent.",2026-05-04 15:55:25
S0066,iNat_Probosciger_aterrimus_03,Probosciger aterrimus,Palm cockatoo,2,gemma4_8b,childrens,,0.3,1,forced_evasion,1,1,1,1,1,"SERIAL: S0066
R_SPECIES: 1
R_HABITAT: 1
R_DIET: 1
R_IUCN: 1
R_OVERALL: 1
NOTES: Completely misidentified as 'King Vulture' living across Africa — both identifications are wrong; image shows Palm cockatoo (Probosciger aterrimus) of Australasia; diet described as carrion/scavenging (vulture behavior), not palm cockatoo's seed/nut diet; no IUCN stated.",2026-05-04 15:55:25
S0067,iNat_Ambystoma_mexicanum_04,Ambystoma mexicanum,Axolotl,2,ayavision,conservation,,0.7,0,forced_shr1,1,1,1,1,1,"SERIAL: S0067
R_SPECIES: 1
R_HABITAT: 1
R_DIET: 1
R_IUCN: 1
R_OVERALL: 1
NOTES: Completely misidentified as 'Eastern box turtle' held in human hands; image shows dark wild-type axolotl (Ambystoma mexicanum); IUCN stated as NT (box turtle status) not CR (axolotl status); habitat, diet, and all claims pertain to the wrong species.",2026-05-04 15:55:25
S0068,GBIF_Panthera_onca_01,Panthera onca,Jaguar,1,gemma3,mythological,East Asian (Chinese/Japanese),0.7,1,forced_evasion,4,5,3,1,3,"SERIAL: S0068
R_SPECIES: 4
R_HABITAT: 5
R_DIET: 3
R_IUCN: 1
R_OVERALL: 3
NOTES: Common name 'jaguar' correctly used with 'Onça' reference; Amazon basin/Venezuela-to-Brazil range accurate; correctly largest cat in Americas; story truncated mid-sentence (diet scored 3 per rule); no scientific name (Panthera onca); VU absent.",2026-05-04 15:57:06
S0069,iNat_Addax_nasomaculatus_03,Addax nasomaculatus,Addax,3,ayavision,factual,,0.7,1,stratified_random,5,5,4,5,5,"SERIAL: S0069
R_SPECIES: 5
R_HABITAT: 5
R_DIET: 4
R_IUCN: 5
R_OVERALL: 5
NOTES: Correct scientific name (Addax nasomaculatus), correct CR status, Sahara Desert/North Africa range with correct countries; herbivore diet on grasses/shrubs accurate; story truncated at final sentence but all dimensions fully addressed.",2026-05-04 15:57:06
S0070,iNat_Ambystoma_mexicanum_01,Ambystoma mexicanum,Axolotl,2,qwen25vl,mythological,West African (Yoruba),0.7,1,forced_shr1,1,1,3,1,1,"SERIAL: S0070
R_SPECIES: 1
R_HABITAT: 1
R_DIET: 3
R_IUCN: 1
R_OVERALL: 1
NOTES: Axolotl placed as 'Mountain Salamander' in Yoruba West Africa (Edo River/Liberia–Sierra Leone) — entirely wrong continent and habitat; diet (insects, crustaceans, snails) partially correct; CR and scientific name Ambystoma mexicanum entirely absent.",2026-05-04 15:57:06
S0071,GBIF_Alligator_mississippiensis_01,Alligator mississippiensis,American alligator,4,gemma3,mythological,West African (Yoruba),0.3,1,forced_shr1,5,5,3,1,4,"SERIAL: S0071
R_SPECIES: 5
R_HABITAT: 5
R_DIET: 3
R_IUCN: 1
R_OVERALL: 4
NOTES: Correct scientific name (Alligator mississippiensis), correct SE US range (Florida to Texas), freshwater wetlands and Everglades accurately described; story truncated mid-word during diet section (scored 3 per truncation rule); LC status absent.",2026-05-04 15:57:06
S0072,GBIF_Panthera_pardus_orientalis_02,Panthera pardus orientalis,Amur leopard,3,qwen35_9b,childrens,,0.7,1,forced_shr1,1,1,1,1,1,"SERIAL: S0072
R_SPECIES: 1
R_HABITAT: 1
R_DIET: 1
R_IUCN: 1
R_OVERALL: 1
NOTES: INDIRECT_EVIDENCE_IMAGE — only a paw print visible; story describes 'marten named Milo' in the Rocky Mountains eating nuts and berries — complete misidentification of Amur leopard (Panthera pardus orientalis); wrong continent, wrong diet, CR absent.",2026-05-04 15:57:06
S0073,iNat_Panthera_pardus_04,Panthera pardus,Leopard,4,gemma3,childrens,,0.3,2,forced_shr1,4,5,3,1,3,"SERIAL: S0073
R_SPECIES: 4
R_HABITAT: 5
R_DIET: 3
R_IUCN: 1
R_OVERALL: 3
NOTES: Common name 'leopard' correctly used; Africa/South Africa–Kenya range and tree-caching behavior accurate; diet includes zebra (too large for typical leopard prey) alongside correct antelopes/birds; Nile crocodile competitor correctly named; no scientific name; VU absent.",2026-05-04 15:58:49
S0074,GBIF_Addax_nasomaculatus_02,Addax nasomaculatus,Addax,3,ayavision,childrens,,0.7,1,forced_evasion,1,1,2,1,1,"SERIAL: S0074
R_SPECIES: 1
R_HABITAT: 1
R_DIET: 2
R_IUCN: 1
R_OVERALL: 1
NOTES: Misidentified as 'klipspringer' in southern African savanna — Addax is a Saharan North African species; twisted horn description loosely fits image but attributed to wrong species; grasses/herbs diet partially correct; CR and scientific name absent.",2026-05-04 15:58:49
S0075,iNat_Rhinoceros_unicornis_04,Rhinoceros unicornis,Indian rhinoceros,1,gemma3,childrens,,0.3,1,stratified_random,4,5,4,1,4,"SERIAL: S0075
R_SPECIES: 4
R_HABITAT: 5
R_DIET: 4
R_IUCN: 1
R_OVERALL: 4
NOTES: Correct common names (Greater One-Horned Rhinoceros/Indian Rhino); Nepal and India range accurate; herbivore diet (grasses, leaves, shoots) and mud-wallowing behavior correct; story truncated before IUCN; no scientific name (Rhinoceros unicornis); VU absent.",2026-05-04 15:58:49
S0076,iNat_Acinonyx_jubatus_02,Acinonyx jubatus,Cheetah,4,llava_interleave,childrens,,0.7,0,forced_shr1,1,2,1,1,1,"SERIAL: S0076
R_SPECIES: 1
R_HABITAT: 2
R_DIET: 1
R_IUCN: 1
R_OVERALL: 1
NOTES: Species misidentified as 'leopard' — image clearly shows cheetahs (Acinonyx jubatus) with solid spots; diet of 'mice and birds' is wrong (cheetahs hunt gazelle/impala); mother described as a 'lioness' — completely incorrect; VU absent.",2026-05-04 15:58:49
S0077,iNat_Pseudoryx_nghetinhensis_00,Pseudoryx nghetinhensis,Saola,3,qwen2vl2b,factual,,0.7,0,forced_ehr_high,1,1,1,1,1,"SERIAL: S0077
R_SPECIES: 1
R_HABITAT: 1
R_DIET: 1
R_IUCN: 1
R_OVERALL: 1
NOTES: Saola taxidermy specimen misidentified as 'Nilgai (Bos javanicus)' — double scientific name error; placed in Indian Himalayan subcontinent instead of Annamite Mountains of Vietnam/Laos; tree-climbing claim entirely wrong; CR and correct name Pseudoryx nghetinhensis absent.",2026-05-04 15:58:49
S0078,iNat_Diceros_bicornis_01,Diceros bicornis,Black rhino,3,qwen35_9b,conservation,,0.3,2,forced_shr1,5,5,5,5,5,"SERIAL: S0078
R_SPECIES: 5
R_HABITAT: 5
R_DIET: 5
R_IUCN: 5
R_OVERALL: 5
NOTES: Correct scientific name (Diceros bicornis) and CR status; sub-Saharan Africa range (Kenya/Tanzania to Namibia/South Africa) accurate; hooked prehensile lip and browsing ecology correctly described; poaching as primary threat correctly identified.",2026-05-04 16:00:50
S0079,iNat_Ursus_maritimus_03,Ursus maritimus,Polar bear,1,qwen3vl8b,conservation,,0.7,0,forced_shr1,5,5,4,5,5,"SERIAL: S0079
R_SPECIES: 5
R_HABITAT: 5
R_DIET: 4
R_IUCN: 5
R_OVERALL: 5
NOTES: IMAGE_LABEL_MISMATCH — image clearly shows brown bear (Ursus arctos) in boreal pine forest, not polar bear; model correctly identifies Ursus arctos, LC status, European/Carpathian/Scandinavian range, boreal forest habitat, and omnivorous diet; rated against actual image species.",2026-05-04 16:00:50
S0080,iNat_Addax_nasomaculatus_03,Addax nasomaculatus,Addax,3,gemma4_8b,conservation,,0.7,1,forced_shr1,1,1,1,1,1,"SERIAL: S0080
R_SPECIES: 1
R_HABITAT: 1
R_DIET: 1
R_IUCN: 1
R_OVERALL: 1
NOTES: Addax misidentified as 'Odocoileus species (White-tailed Deer complex)' — wrong family (cervid vs bovid); model explicitly hedges with disclaimer; no habitat, diet, or IUCN content provided; CR for Addax entirely absent.",2026-05-04 16:00:50
S0081,GBIF_Strigops_habroptila_02,Strigops habroptila,Kakapo,3,qwen3vl8b,childrens,,0.3,0,forced_shr1,2,4,3,1,2,"SERIAL: S0081
R_SPECIES: 2
R_HABITAT: 4
R_DIET: 3
R_IUCN: 1
R_OVERALL: 2
NOTES: Confuses Kākāpō (Kakapo/Strigops habroptila) with Kākāriki (a different NZ parakeet); New Zealand mossy forest habitat correct; diet (berries, fruits, rātā) partially correct; no scientific name; IUCN EN absent; distinctive features like flightlessness not mentioned.",2026-05-04 16:00:50
S0082,GBIF_Ursus_maritimus_02,Ursus maritimus,Polar bear,1,ayavision,childrens,,0.7,0,forced_shr1,4,5,5,3,4,"SERIAL: S0082
R_SPECIES: 4
R_HABITAT: 5
R_DIET: 5
R_IUCN: 3
R_OVERALL: 4
NOTES: Correct common name (polar bear); Arctic sea ice habitat accurate; seals at breathing holes and olfactory detection correctly described; swimming behavior accurate; story truncated before IUCN section (VU, scored 3 per rule); no scientific name (Ursus maritimus).",2026-05-04 16:00:50
S0083,iNat_Acinonyx_jubatus_02,Acinonyx jubatus,Cheetah,4,llava16,conservation,,0.7,0,forced_ehr_high,4,4,1,5,3,"SERIAL: S0083
R_SPECIES: 4
R_HABITAT: 4
R_DIET: 1
R_IUCN: 5
R_OVERALL: 3
NOTES: Correct common name 'cheetah' and fastest land animal; Africa/savannas/grasslands accurate; IUCN VU explicitly stated; no scientific name (Acinonyx jubatus); diet entirely absent — story truncated before that section.",2026-05-04 16:02:34
S0084,GBIF_Panthera_pardus_01,Panthera pardus,Leopard,4,qwen2vl2b,factual,,0.7,1,forced_evasion,1,1,1,1,1,"SERIAL: S0084
R_SPECIES: 1
R_HABITAT: 1
R_DIET: 1
R_IUCN: 1
R_OVERALL: 1
NOTES: Leopard (Panthera pardus) misidentified as 'snow leopard (Panthera uncia)'; Himalayan range and 'snowshoe rabbits' as primary prey are wrong for both species; leopard's VU status absent; night camera-trap image shows compact rosettes consistent with P. pardus.",2026-05-04 16:02:34
S0085,GBIF_Alligator_mississippiensis_01,Alligator mississippiensis,American alligator,4,qwen25vl,childrens,,0.3,1,forced_shr1,3,4,3,1,3,"SERIAL: S0085
R_SPECIES: 3
R_HABITAT: 4
R_DIET: 3
R_IUCN: 1
R_OVERALL: 3
NOTES: Correct common name 'alligator'; Florida swamps and wetland habitat accurately described; diet (fish, snakes) partially correct but narrow for opportunistic predator; no scientific name (Alligator mississippiensis); LC status absent.",2026-05-04 16:02:34
S0086,GBIF_Arctictis_binturong_00,Arctictis binturong,Binturong,2,gemma3,childrens,,0.7,1,forced_shr1,1,1,2,1,1,"SERIAL: S0086
R_SPECIES: 1
R_HABITAT: 1
R_DIET: 2
R_IUCN: 1
R_OVERALL: 1
NOTES: Binturong misidentified as 'Jaguarundi' placed in South America (Brazil/Argentina/Mexico) — wrong family (cat vs. viverrid) and wrong continent (SE Asia); omnivore diet description has partial overlap with binturong; VU status absent.",2026-05-04 16:02:34
S0087,iNat_Elephas_maximus_02,Elephas maximus,Asian elephant,4,idefics3,childrens,,0.3,0,forced_ehr_high,2,2,2,1,1,"SERIAL: S0087
R_SPECIES: 2
R_HABITAT: 2
R_DIET: 2
R_IUCN: 1
R_OVERALL: 1
NOTES: Species not identified beyond 'elephant'; no common name (Asian elephant) or scientific name (Elephas maximus); critical factual error — states tusk is used 'to drink water' (trunks drink, not tusks); diet (fruits/leaves) only partially correct; EN absent.",2026-05-04 16:02:34
S0088,iNat_Ailurus_fulgens_02,Ailurus fulgens,Red panda,2,qwen3vl8b,mythological,Hindu,0.3,1,stratified_random,4,5,2,2,3,"SERIAL: S0088
R_SPECIES: 4
R_HABITAT: 5
R_DIET: 2
R_IUCN: 2
R_OVERALL: 3
NOTES: Correct common name 'Red Panda'; Himalayas/Nepal/Bhutan/China range accurate; temperate forest habitat correct; 'feeds only on bamboo' is wrong (red pandas also eat berries, eggs, small animals); IUCN EN vaguely implied as 'endangered by encroachment' but not explicitly stated; no scientific name.",2026-05-04 16:04:00
S0089,GBIF_Equus_quagga_02,Equus quagga,Plains zebra,1,qwen2vl2b,childrens,,0.7,2,forced_ehr0,3,4,4,1,3,"SERIAL: S0089
R_SPECIES: 3
R_HABITAT: 4
R_DIET: 4
R_IUCN: 1
R_OVERALL: 3
NOTES: Common name 'zebra' correct; Serengeti correctly named; grassland habitat and grass-grazing diet accurately described; no scientific name (Equus quagga), no subspecies; LC status absent.",2026-05-04 16:04:00
S0090,GBIF_Alligator_mississippiensis_01,Alligator mississippiensis,American alligator,4,qwen2vl2b,childrens,,0.3,1,forced_shr1,1,4,3,1,1,"SERIAL: S0090
R_SPECIES: 1
R_HABITAT: 4
R_DIET: 3
R_IUCN: 1
R_OVERALL: 1
NOTES: Fundamental species error: American alligator described as 'crocodile' throughout; Everglades setting correct; fish diet partially correct (bass/crappie named); story confusingly distinguishes between protagonist 'crocodile' and background 'alligators'; LC absent.",2026-05-04 16:04:00
S0091,iNat_Alligator_mississippiensis_02,Alligator mississippiensis,American alligator,4,gemma4_8b,mythological,Ancient Greek,0.7,0,forced_shr1,1,2,1,1,1,"SERIAL: S0091
R_SPECIES: 1
R_HABITAT: 2
R_DIET: 1
R_IUCN: 1
R_OVERALL: 1
NOTES: Alligator misidentified by genus as 'Crocodylus' in Ancient Greek mythological framing; no common name 'alligator'; diet entirely absent; only 'slow, warm waters' vaguely describes habitat; LC and scientific name Alligator mississippiensis absent.",2026-05-04 16:04:00
S0092,iNat_Pseudoryx_nghetinhensis_00,Pseudoryx nghetinhensis,Saola,3,llava_interleave,conservation,,0.3,0,forced_ehr_high,1,1,1,1,1,"SERIAL: S0092
R_SPECIES: 1
R_HABITAT: 1
R_DIET: 1
R_IUCN: 1
R_OVERALL: 1
NOTES: Saola taxidermy specimen misidentified as 'boar or similar species'; placed in Africa and Asia broadly; 'tusks' mentioned — Saola has long parallel horns not tusks; no diet, no IUCN CR, no scientific name Pseudoryx nghetinhensis.",2026-05-04 16:04:00
S0093,iNat_Ailurus_fulgens_02,Ailurus fulgens,Red panda,2,qwen35_9b,mythological,Hindu,0.7,0,stratified_random,5,5,4,3,4,"SERIAL: S0093
R_SPECIES: 5
R_HABITAT: 5
R_DIET: 4
R_IUCN: 3
R_OVERALL: 4
NOTES: Correct scientific name (Ailurus fulgens) and common name; Nepal/Bhutan/Sichuan range and temperate coniferous forest accurate; diet (bamboo, berries, small mammals) correctly described as mixed; story truncated before IUCN section — EN scored 3 per truncation rule.",2026-05-04 16:05:43
S0094,iNat_Rhincodon_typus_00,Rhincodon typus,Whale shark,2,qwen3vl8b,childrens,,0.3,1,forced_shr1,4,4,2,1,3,"SERIAL: S0094
R_SPECIES: 4
R_HABITAT: 4
R_DIET: 2
R_IUCN: 1
R_OVERALL: 3
NOTES: Correct common name 'Whale Shark' and 'world's largest fish'; Mexico-to-Mozambique tropical ocean range accurate; filter-feeding behavior correct; 'jellyfish' as prey is wrong (whale sharks eat zooplankton/krill/fish eggs); IUCN EN absent; no scientific name Rhincodon typus.",2026-05-04 16:05:43
S0095,iNat_Ambystoma_mexicanum_04,Ambystoma mexicanum,Axolotl,2,llava16,conservation,,0.7,0,forced_shr1,1,1,1,1,1,"SERIAL: S0095
R_SPECIES: 1
R_HABITAT: 1
R_DIET: 1
R_IUCN: 1
R_OVERALL: 1
NOTES: Axolotl misidentified as generic 'salamander'; critically wrong IUCN status — states LC, axolotl is CR; 'freshwater habitats worldwide including Europe and Asia' is wrong (endemic to Xochimilco, Mexico); no scientific name; diet not addressed.",2026-05-04 16:05:43
S0096,iNat_Patagioenas_squamosa_04,Patagioenas squamosa,Scaly-naped pigeon,2,qwen25vl,childrens,,0.7,0,stratified_random,1,1,2,1,1,"SERIAL: S0096
R_SPECIES: 1
R_HABITAT: 1
R_DIET: 2
R_IUCN: 1
R_OVERALL: 1
NOTES: Scaly-naped pigeon (Patagioenas squamosa) misidentified as 'Patagonian wood pigeon' placed in South America — wrong species and wrong continent (should be Caribbean islands); diet (seeds, fruits) partially correct; LC and scientific name absent.",2026-05-04 16:05:43
S0097,iNat_Aquila_chrysaetos_00,Aquila chrysaetos,Golden eagle,4,gemma3,conservation,,0.3,1,forced_shr1,1,3,1,2,1,"SERIAL: S0097
R_SPECIES: 1
R_HABITAT: 3
R_DIET: 1
R_IUCN: 2
R_OVERALL: 1
NOTES: Golden eagle (Aquila chrysaetos) misidentified as 'Bald Eagle (Haliaeetus leucocephalus)'; image shows dark-brown eagle with no white head attacking a deer — consistent with golden eagle; LC stated coincidentally correct for golden eagle but scored 2 per wrong-species rule; diet absent.",2026-05-04 16:05:43
S0098,GBIF_Ursus_arctos_02,Ursus arctos,Grizzly bear,4,ayavision,conservation,,0.7,2,forced_shr1,1,1,1,2,1,"SERIAL: S0098
R_SPECIES: 1
R_HABITAT: 1
R_DIET: 1
R_IUCN: 2
R_OVERALL: 1
NOTES: INDIRECT_EVIDENCE_IMAGE — only bear paw prints in snow visible; story misidentifies as 'wolf' entirely; LC stated coincidentally correct for Ursus arctos but attributed to wolf (scored 2); no grizzly bear diet, habitat, or scientific name provided.",2026-05-04 16:07:43
S0099,iNat_Ailurus_fulgens_02,Ailurus fulgens,Red panda,2,llava_interleave,conservation,,0.3,0,stratified_random,2,3,1,1,2,"SERIAL: S0099
R_SPECIES: 2
R_HABITAT: 3
R_DIET: 1
R_IUCN: 1
R_OVERALL: 2
NOTES: Common name 'red panda' correct but scientific name given as 'Ursus edulis' — invalid name (correct is Ailurus fulgens); IUCN stated as Vulnerable — wrong (red panda is EN); 'Korea' range is incorrect; diet entirely absent.",2026-05-04 16:07:43
S0100,iNat_Panthera_tigris_tigris_01,Panthera tigris tigris,Bengal tiger,1,qwen25vl,factual,,0.3,2,forced_evasion,5,5,4,1,4,"SERIAL: S0100
R_SPECIES: 5
R_HABITAT: 5
R_DIET: 4
R_IUCN: 1
R_OVERALL: 4
NOTES: POSSIBLE_SUBSPECIES_MISMATCH — image shows tiger in snowy temperate forest consistent with Amur tiger habitat, not Bengal tiger; model correctly identifies Siberian/Amur tiger (Panthera tigris altaica) with full scientific name; diet (deer, wild boar, ambush predation) accurate; EN absent; rated against image content.",2026-05-04 16:07:43
S0101,iNat_Patagioenas_squamosa_04,Patagioenas squamosa,Scaly-naped pigeon,2,qwen3vl8b,factual,,0.7,2,forced_ehr_high,1,1,2,1,1,"SERIAL: S0101
R_SPECIES: 1
R_HABITAT: 1
R_DIET: 2
R_IUCN: 1
R_OVERALL: 1
NOTES: Scaly-naped pigeon misidentified as 'Greater Racket-tailed Pigeon (Columba major)' endemic to Sulawesi — wrong species and wrong continent (should be Caribbean West Indies); frugivorous diet (figs, fruits) partially correct; LC and scientific name Patagioenas squamosa absent.",2026-05-04 16:07:43
S0102,iNat_Panthera_pardus_orientalis_00,Panthera pardus orientalis,Amur leopard,3,qwen25vl,conservation,,0.7,0,stratified_random,4,5,1,5,4,"SERIAL: S0102
R_SPECIES: 4
R_HABITAT: 5
R_DIET: 1
R_IUCN: 5
R_OVERALL: 4
NOTES: Correct common name 'Amur leopard'; Russia's Far East, Sikhote-Alin, Land of the Leopard area accurately named; 'critically endangered' explicitly stated (CR correct); taiga/mountainous forest habitat accurate; diet entirely absent in visible text; no scientific name Panthera pardus orientalis.",2026-05-04 16:07:43
S0103,GBIF_Ailurus_fulgens_01,Ailurus fulgens,Red panda,2,gemma3,factual,,0.3,2,forced_evasion,5,3,3,3,3,"SERIAL: S0103
R_SPECIES: 5
R_HABITAT: 3
R_DIET: 3
R_IUCN: 3
R_OVERALL: 3
NOTES: Correct scientific name (Ailurus fulgens) and common name; Ailuridae family correctly stated; story truncated early before full range, diet, and IUCN sections — all three scored 3 per truncation rule; Eastern Himalayan forests correctly identified.",2026-05-04 16:09:31
S0104,iNat_Dermochelys_coriacea_04,Dermochelys coriacea,Leatherback sea turtle,3,llava_interleave,childrens,,0.3,0,forced_shr1,1,2,1,1,1,"SERIAL: S0104
R_SPECIES: 1
R_HABITAT: 2
R_DIET: 1
R_IUCN: 1
R_OVERALL: 1
NOTES: Not identified as leatherback; just 'sea turtle with dark shell'; diet of 'small fish and plants' is wrong — leatherbacks eat jellyfish; nesting described as 'on a rock, guarding eggs' which is wrong (sandy beach, no guarding); VU and Dermochelys coriacea absent.",2026-05-04 16:09:31
S0105,GBIF_Equus_quagga_01,Equus quagga,Plains zebra,1,qwen2vl2b,childrens,,0.7,0,forced_ehr0,3,3,2,1,2,"SERIAL: S0105
R_SPECIES: 3
R_HABITAT: 3
R_DIET: 2
R_IUCN: 1
R_OVERALL: 2
NOTES: Common name 'zebra' correct; herd grazing depicted accurately; no scientific name (Equus quagga), no species-level ID (plains vs other); habitat vaguely described as 'vast green field' with no specific African geography; LC absent.",2026-05-04 16:09:31
S0106,iNat_Ursus_americanus_02,Ursus americanus,American black bear,4,llava_interleave,mythological,West African (Yoruba),0.3,0,forced_shr1,3,2,3,1,2,"SERIAL: S0106
R_SPECIES: 3
R_HABITAT: 2
R_DIET: 3
R_IUCN: 1
R_OVERALL: 2
NOTES: Common name 'black bear' correct; Yoruba mythological framing places North American species in West African cultural context with no correct geography; dense forest habitat vaguely correct; diet section truncated mid-word ('berr[ies]') — scored 3; LC and scientific name absent.",2026-05-04 16:09:31
S0107,GBIF_Ambystoma_mexicanum_01,Ambystoma mexicanum,Axolotl,2,ayavision,childrens,,0.3,1,stratified_random,3,2,4,1,2,"SERIAL: S0107
R_SPECIES: 3
R_HABITAT: 2
R_DIET: 4
R_IUCN: 1
R_OVERALL: 2
NOTES: Common name 'axolotl' correct; feathery gills and regeneration correctly described; 'lush forests of Mexico' is wrong habitat (should be Xochimilco lake system, not forest); diet (insects, worms) accurate; CR and scientific name Ambystoma mexicanum absent.",2026-05-04 16:09:31
S0108,iNat_Acinonyx_jubatus_02,Acinonyx jubatus,Cheetah,4,llava_interleave,factual,,0.7,0,forced_shr1,1,1,1,1,1,"SERIAL: S0108
R_SPECIES: 1
R_HABITAT: 1
R_DIET: 1
R_IUCN: 1
R_OVERALL: 1
NOTES: IMAGE_OK. Model misidentifies cheetah as Puma concolor (mountain lion). Wrong scientific name, wrong range (Americas vs Africa), wrong prey (deer/elk vs gazelle/impala), IUCN absent. Complete species misidentification — all dimensions compromised.",2026-05-04 16:13:04
S0109,iNat_Panthera_onca_02,Panthera onca,Jaguar,1,idefics3,childrens,,0.7,2,forced_shr1,3,4,4,1,3,"SERIAL: S0109
R_SPECIES: 3
R_HABITAT: 4
R_DIET: 4
R_IUCN: 1
R_OVERALL: 3
NOTES: INDIRECT_EVIDENCE_IMAGE: paw print only. Model correctly identifies jaguar track context. No scientific name (Panthera onca) stated — caps R_SPECIES. Habitat: South American tropical forests accurate. Diet: peccaries, monkeys, birds — reasonable. IUCN NT not mentioned — score 1. Overall moderate.",2026-05-04 16:13:04
S0110,GBIF_Panthera_onca_02,Panthera onca,Jaguar,1,qwen2vl2b,factual,,0.3,0,forced_ehr0,1,1,1,1,1,"SERIAL: S0110
R_SPECIES: 1
R_HABITAT: 1
R_DIET: 1
R_IUCN: 1
R_OVERALL: 1
NOTES: INDIRECT_EVIDENCE_IMAGE: paw print only. Story is a recursive empty taxonomy tree output — no species facts, no habitat, no diet, no IUCN status. Complete generation failure. All dimensions = 1.",2026-05-04 16:13:04
S0111,iNat_Loxodonta_africana_04,Loxodonta africana,African elephant,4,qwen3vl8b,mythological,Celtic,0.7,1,forced_ehr0,5,4,4,2,3,"SERIAL: S0111
R_SPECIES: 5
R_HABITAT: 4
R_DIET: 4
R_IUCN: 2
R_OVERALL: 3
NOTES: IMAGE_OK. Correct scientific name Loxodonta africana. Congo Basin habitat accurate. Diet: grasses, bark, roots — correct. IUCN: VU not explicitly stated; uses vague 'threatened' language — score 2. Story truncated mid-sentence — R_OVERALL capped at 3.",2026-05-04 16:13:04
S0112,GBIF_Alligator_mississippiensis_02,Alligator mississippiensis,American alligator,4,gemma3,mythological,Celtic,0.7,0,forced_shr1,5,4,4,1,3,"SERIAL: S0112
R_SPECIES: 5
R_HABITAT: 4
R_DIET: 4
R_IUCN: 1
R_OVERALL: 3
NOTES: IMAGE_OK. Correct scientific name Alligator mississippiensis. SE US range (NC to FL and TX) accurate. Cypress swamps/freshwater habitat correct. Diet: fish, birds, mammals — appropriate. IUCN LC not stated — score 1. Story truncated mid-sentence — R_OVERALL capped at 3.",2026-05-04 16:13:04
S0113,iNat_Equus_quagga_02,Equus quagga,Plains zebra,1,qwen3vl8b,childrens,,0.3,1,forced_ehr0,3,4,3,1,2,"SERIAL: S0113
R_SPECIES: 3
R_HABITAT: 4
R_DIET: 3
R_IUCN: 1
R_OVERALL: 2
NOTES: IMAGE_OK: Two plains zebras in dry thornbush/scrub habitat consistent with Equus quagga. Story is a fable with no scientific name -- caps R_SPECIES. Namibia/grassland mention accurate. Diet: grasses and leaves correct but sweet sap unusual. IUCN LC not stated. Truncated mid-sentence.",2026-05-04 16:16:15
S0114,GBIF_Ursus_americanus_01,Ursus americanus,American black bear,4,qwen2vl2b,factual,,0.7,0,forced_evasion,1,1,1,1,1,"SERIAL: S0114
R_SPECIES: 1
R_HABITAT: 1
R_DIET: 1
R_IUCN: 1
R_OVERALL: 1
NOTES: INDIRECT_EVIDENCE_IMAGE: aspen tree trunk with possible claw/bite marks (classic bear sign). Model identifies tree as Populus tremuloides and writes entirely about aspen ecology -- no bear identification. All bear-related dimensions = 1.",2026-05-04 16:16:15
S0115,iNat_Diceros_bicornis_04,Diceros bicornis,Black rhino,3,llava16,conservation,,0.7,1,forced_evasion,1,1,1,1,1,"SERIAL: S0115
R_SPECIES: 1
R_HABITAT: 1
R_DIET: 1
R_IUCN: 1
R_OVERALL: 1
NOTES: IMAGE_LABEL_MISMATCH: Model identifies image as Indian rhinoceros (Rhinoceros unicornis, VU) but image shows a black rhino (Diceros bicornis, CR) in an African floodplain. Wrong species, wrong range (India/Nepal vs Africa), no diet mentioned, IUCN VU stated but for wrong species. All dimensions = 1.",2026-05-04 16:16:15
S0116,GBIF_Ambystoma_mexicanum_01,Ambystoma mexicanum,Axolotl,2,llava16,childrens,,0.3,1,forced_shr1,1,1,1,1,1,"SERIAL: S0116
R_SPECIES: 1
R_HABITAT: 1
R_DIET: 1
R_IUCN: 1
R_OVERALL: 1
NOTES: IMAGE_OK: Captive axolotl visible in blue container with plastic plants. Story is a fictional Tilly the Tadpole narrative with zero species identification, no axolotl facts, no Xochimilco habitat, no diet, no IUCN CR. Complete generation failure. All dimensions = 1.",2026-05-04 16:16:15
S0117,GBIF_Balaenoptera_musculus_00,Balaenoptera musculus,Blue whale,3,llava_interleave,factual,,0.3,0,forced_shr1,2,2,1,1,1,"SERIAL: S0117
R_SPECIES: 2
R_HABITAT: 2
R_DIET: 1
R_IUCN: 1
R_OVERALL: 1
NOTES: INDIRECT_EVIDENCE_IMAGE: only dorsal hump/back visible at surface -- species not confirmable. Story gives misspelled scientific name Balaenopterus musculus (correct: Balaenoptera musculus). Range partially correct but vague. Diet: states herbivores -- completely wrong, blue whales are filter feeders/krill specialists. IUCN EN not stated.",2026-05-04 16:16:15
S0118,iNat_Ailuropoda_melanoleuca_02,Ailuropoda melanoleuca,Giant panda,1,qwen2vl2b,factual,,0.7,0,stratified_random,5,4,5,1,3,"SERIAL: S0118
R_SPECIES: 5
R_HABITAT: 4
R_DIET: 5
R_IUCN: 1
R_OVERALL: 3
NOTES: IMAGE_OK: Camera trap image of giant panda in snowy bamboo forest. Correct scientific name Ailuropoda melanoleuca. Range: Sichuan/Shaanxi/Yunnan correct (Hubei/Hunan/Guizhou less accurate). Diet: bamboo 90% plus insects/small mammals -- accurate. Story truncated before IUCN section (### 4 cut off) -- IUCN VU not stated, score 1. R_OVERALL 3 due to truncation.",2026-05-04 16:18:06
S0119,iNat_Ailurus_fulgens_01,Ailurus fulgens,Red panda,2,idefics3,childrens,,0.7,2,forced_ehr0,3,3,3,1,2,"SERIAL: S0119
R_SPECIES: 3
R_HABITAT: 3
R_DIET: 3
R_IUCN: 1
R_OVERALL: 2
NOTES: IMAGE_OK: Red panda in tree, clearly visible. Story is a fable (Raya) -- no scientific name (Ailurus fulgens), no IUCN EN. Habitat: forest/trees mentioned but no Himalayan/SW China specifics. Diet: bamboo shoots and leaves -- correct but sparse. Truncated mid-story. R_OVERALL low.",2026-05-04 16:18:06
S0120,GBIF_Panthera_leo_02,Panthera leo,African lion,1,qwen3vl8b,conservation,,0.3,2,forced_evasion,5,5,1,5,3,"SERIAL: S0120
R_SPECIES: 5
R_HABITAT: 5
R_DIET: 1
R_IUCN: 5
R_OVERALL: 3
NOTES: IMAGE_OK: Lioness walking in savanna dry grass habitat. Correct scientific name Panthera leo. IUCN VU explicitly stated with 43% decline. Range: sub-Saharan Africa, savannas/grasslands/mountains accurate. Serengeti/Kruger referenced correctly. No diet information whatsoever (lions eat wildebeest/zebra/buffalo) -- R_DIET=1. R_OVERALL 3 due to missing diet.",2026-05-04 16:18:06
S0121,iNat_Panthera_onca_02,Panthera onca,Jaguar,1,llava16,factual,,0.7,0,forced_shr1,1,1,1,1,1,"SERIAL: S0121
R_SPECIES: 1
R_HABITAT: 1
R_DIET: 1
R_IUCN: 1
R_OVERALL: 1
NOTES: INDIRECT_EVIDENCE_IMAGE: jaguar paw print with Track Ruler labeled 'JAGUAR AZ 5/8/07'. Model refuses to identify any wildlife species and only describes the measuring tape itself. No species facts, no habitat, no diet, no IUCN. Complete failure. All dimensions = 1.",2026-05-04 16:18:06
S0122,iNat_Phocoena_sinus_02,Phocoena sinus,Vaquita,3,llava16,factual,,0.7,2,forced_shr1,1,1,1,1,1,"SERIAL: S0122
R_SPECIES: 1
R_HABITAT: 1
R_DIET: 1
R_IUCN: 1
R_OVERALL: 1
NOTES: IMAGE_LABEL_MISMATCH: Image shows small cetaceans at surface in turquoise Gulf of California water (Museo de la Ballena watermark -- likely vaquita). Model identifies them as great white sharks (Carcharodon carcharias) -- wrong taxonomic class (shark vs porpoise). Wrong species, wrong habitat, wrong diet. IUCN CR not stated. All dimensions = 1.",2026-05-04 16:18:06
S0123,iNat_Ailuropoda_melanoleuca_02,Ailuropoda melanoleuca,Giant panda,1,qwen35_9b,childrens,,0.3,0,forced_shr1,3,4,4,1,2,"SERIAL: S0123
R_SPECIES: 3
R_HABITAT: 4
R_DIET: 4
R_IUCN: 1
R_OVERALL: 2
NOTES: IMAGE_OK: Camera trap giant panda in snowy bamboo forest (same as S0118). Story is a fable (Pando) -- no scientific name (Ailuropoda melanoleuca). China mountains/bamboo habitat accurate. Diet: bamboo stalks/shoots/leaves with 14-hour detail -- correct. IUCN VU not stated. Story truncated. R_OVERALL low.",2026-05-04 16:20:00
S0124,iNat_Tapirus_terrestris_03,Tapirus terrestris,South American tapir,2,qwen3vl8b,conservation,,0.7,0,forced_shr1,5,3,1,1,2,"SERIAL: S0124
R_SPECIES: 5
R_HABITAT: 3
R_DIET: 1
R_IUCN: 1
R_OVERALL: 2
NOTES: IMAGE_OK: Juvenile tapir lying with a small cat in captive/domestic setting. Correct scientific name Tapirus terrestris. IUCN stated as 'Endangered' -- actual IUCN is VU, wrong category, score 1. Range: 'southern Mexico to northern Argentina' -- Mexico extension is inaccurate. No diet mentioned (tapirs eat fruits, leaves, aquatic plants). R_OVERALL low.",2026-05-04 16:20:00
S0125,GBIF_Alligator_mississippiensis_02,Alligator mississippiensis,American alligator,4,gemma4_8b,factual,,0.7,0,forced_shr1,1,1,1,1,1,"SERIAL: S0125
R_SPECIES: 1
R_HABITAT: 1
R_DIET: 1
R_IUCN: 1
R_OVERALL: 1
NOTES: IMAGE_LABEL_MISMATCH: Image clearly shows American alligator (Alligator mississippiensis) with distinctive broad U-shaped snout. Model identifies as Nile Crocodile (Crocodylus niloticus) -- wrong species, wrong family, wrong continent. Wrong habitat (sub-Saharan Africa vs SE USA). IUCN LC not stated. All dimensions = 1.",2026-05-04 16:20:00
S0126,iNat_Ursus_arctos_03,Ursus arctos,Grizzly bear,4,idefics3,factual,,0.7,0,forced_evasion,4,4,4,1,3,"SERIAL: S0126
R_SPECIES: 4
R_HABITAT: 4
R_DIET: 4
R_IUCN: 1
R_OVERALL: 3
NOTES: IMAGE_OK: Grizzly bear standing bipedally inspecting camera tripod in forested setting. POSSIBLE_SUBSPECIES_MISMATCH: model correctly identifies Ursus arctos (brown bear) -- grizzly is subspecies U. a. horribilis. Habitat: North America/Europe/Asia forests/mountains -- correct; 'northern Africa' mention is inaccurate. Diet: berries, nuts, fish, small mammals -- good omnivore description. IUCN LC not stated. R_OVERALL 3.",2026-05-04 16:20:00
S0127,GBIF_Addax_nasomaculatus_00,Addax nasomaculatus,Addax,3,llava_interleave,mythological,Hindu,0.7,0,forced_shr1,1,1,1,1,1,"SERIAL: S0127
R_SPECIES: 1
R_HABITAT: 1
R_DIET: 1
R_IUCN: 1
R_OVERALL: 1
NOTES: IMAGE_LABEL_MISMATCH: Image clearly shows an addax antelope (Addax nasomaculatus) with characteristic spiraling horns in dry sandy grassland. Model writes entirely about 'wild boar in Hindu mythology' -- wrong species, wrong taxonomy class, no conservation facts. All dimensions = 1.",2026-05-04 16:20:00
S0128,GBIF_Haliaeetus_leucocephalus_00,Haliaeetus leucocephalus,Bald eagle,4,qwen2vl2b,factual,,0.7,0,forced_shr1,5,3,4,1,3,"SERIAL: S0128
R_SPECIES: 5
R_HABITAT: 3
R_DIET: 4
R_IUCN: 1
R_OVERALL: 3
NOTES: IMAGE_OK: Bald eagle perched atop bare winter tree against blue sky. Correct scientific name Haliaeetus leucocephalus. Range: US/Canada correct but 'Central and South America' is wrong (range is Alaska to N. Mexico). Diet: fish caught by diving -- accurate primary diet. IUCN section heading present but content cut off -- LC not stated, score 1. R_OVERALL 3.",2026-05-04 16:22:09
S0129,iNat_Equus_quagga_03,Equus quagga,Plains zebra,1,idefics3,childrens,,0.7,0,forced_ehr0,3,3,3,1,2,"SERIAL: S0129
R_SPECIES: 3
R_HABITAT: 3
R_DIET: 3
R_IUCN: 1
R_OVERALL: 2
NOTES: IMAGE_OK: Plains zebra foal with brown coloring and reduced stripes -- typical juvenile Equus quagga. Story is a fable (Zoe) -- no scientific name. Africa mentioned but 'far from Serengeti' is contradictory since Serengeti is core zebra range. Diet: grazing correct but minimal detail. IUCN LC not stated. Truncated. R_OVERALL low.",2026-05-04 16:22:09
S0130,iNat_Equus_quagga_00,Equus quagga,Plains zebra,1,ayavision,childrens,,0.7,1,forced_evasion,3,4,4,1,3,"SERIAL: S0130
R_SPECIES: 3
R_HABITAT: 4
R_DIET: 4
R_IUCN: 1
R_OVERALL: 3
NOTES: IMAGE_OK: Plains zebra with faded/melanistic-reduced stripes in dry African grassland. Story has no scientific name (Equus quagga). Habitat: Africa grasslands with lion/giraffe/elephant cohabitation -- accurate. Diet: fresh grasses and tender leaves -- correct. Social structure: harems led by stallion -- accurate. IUCN LC not stated. Story appears complete. R_OVERALL 3.",2026-05-04 16:22:09
S0131,GBIF_Addax_nasomaculatus_00,Addax nasomaculatus,Addax,3,qwen2vl2b,factual,,0.3,0,forced_evasion,5,4,2,1,3,"SERIAL: S0131
R_SPECIES: 5
R_HABITAT: 4
R_DIET: 2
R_IUCN: 1
R_OVERALL: 3
NOTES: IMAGE_OK: Same addax image as S0127. Correct scientific name Addax nasomaculatus. Habitat: Sahara Desert, Algeria/Chad/Niger -- accurate. Diet: grasses and vegetation correct, BUT 'small mammals and insects' is factually wrong -- addax are strict herbivores, score 2. IUCN CR not stated. R_OVERALL 3.",2026-05-04 16:22:09
S0132,iNat_Giraffa_camelopardalis_03,Giraffa camelopardalis,Giraffe,1,idefics3,conservation,,0.7,2,forced_ehr0,3,4,4,1,2,"SERIAL: S0132
R_SPECIES: 3
R_HABITAT: 4
R_DIET: 4
R_IUCN: 1
R_OVERALL: 2
NOTES: IMAGE_OK: Several giraffes photographed at night -- silhouettes and eye-shine confirm species. No scientific name (Giraffa camelopardalis). Habitat: Africa savannas/grasslands/open woodlands -- correct. Diet: leaves/shoots/fruits -- accurate for a browser. Threats (habitat loss/poaching) noted. IUCN VU not stated. Very brief story. R_OVERALL 2.",2026-05-04 16:22:09
S0133,iNat_Ailuropoda_melanoleuca_02,Ailuropoda melanoleuca,Giant panda,1,qwen35_9b,conservation,,0.7,0,forced_shr1,5,5,5,5,5,"SERIAL: S0133
R_SPECIES: 5
R_HABITAT: 5
R_DIET: 5
R_IUCN: 5
R_OVERALL: 5
NOTES: IMAGE_OK: Camera trap giant panda in snowy bamboo forest. Correct scientific name Ailuropoda melanoleuca. IUCN VU explicitly stated as 'Vulnerable'. Range: Sichuan/Shaanxi/Gansu -- all correct primary provinces. Diet: over 99% bamboo -- accurate. Strong conservation narrative. All dimensions top-scoring.",2026-05-05 02:23:44
S0134,iNat_Diceros_bicornis_03,Diceros bicornis,Black rhino,3,gemma3,factual,,0.7,1,forced_ehr0,5,4,1,1,3,"SERIAL: S0134
R_SPECIES: 5
R_HABITAT: 4
R_DIET: 1
R_IUCN: 1
R_OVERALL: 3
NOTES: IMAGE_OK: Two black rhinos in dense golden-grass African woodland scrub. Correct scientific name Diceros bicornis; correctly notes Southern Black Rhino subspecies. Habitat: dense thickets/scrubland/woodland -- accurate. Range: sub-Saharan Africa/South Africa -- correct but truncated before Namibia. No diet section reached (browsers: leaves/twigs). IUCN CR not stated. Story truncated. R_OVERALL 3.",2026-05-05 02:23:44
S0135,GBIF_Giraffa_camelopardalis_01,Giraffa camelopardalis,Giraffe,1,idefics3,conservation,,0.3,2,forced_ehr0,3,4,3,5,3,"SERIAL: S0135
R_SPECIES: 3
R_HABITAT: 4
R_DIET: 3
R_IUCN: 5
R_OVERALL: 3
NOTES: IMAGE_OK: Giraffe feeding at acacia tree in African thornbush habitat. No scientific name (Giraffa camelopardalis). IUCN 'vulnerable' explicitly stated with IUCN reference -- score 5. Range: S. Africa/Kenya/Tanzania/Ethiopia, savannas/open woodlands -- accurate. Diet: leaves/shrubs mentioned incidentally in habitat section, no dedicated diet description -- score 3. R_OVERALL 3 due to missing sci name and diet section.",2026-05-05 02:23:44
S0136,iNat_Phocoena_sinus_01,Phocoena sinus,Vaquita,3,gemma4_8b,mythological,Hindu,0.7,1,forced_shr1,1,1,2,1,1,"SERIAL: S0136
R_SPECIES: 1
R_HABITAT: 1
R_DIET: 2
R_IUCN: 1
R_OVERALL: 1
NOTES: INDIRECT_EVIDENCE_IMAGE: Small cetacean at surface in calm water; PRIMMA-UABCS watermark (Baja California Sur research group) strongly suggests genuine vaquita. Story is a mythological narrative describing an Indian Ocean creature -- completely wrong range (vaquita is endemic to Gulf of California, NE Pacific). No species name given. No IUCN CR. Diet hints at 'sea's small, swift' creatures -- partial credit score 2. All other dimensions = 1.",2026-05-05 02:23:44
S0137,iNat_Tapirus_terrestris_04,Tapirus terrestris,South American tapir,2,llava_interleave,factual,,0.7,2,forced_evasion,1,1,1,1,1,"SERIAL: S0137
R_SPECIES: 1
R_HABITAT: 1
R_DIET: 1
R_IUCN: 1
R_OVERALL: 1
NOTES: IMAGE_LABEL_MISMATCH: Image clearly shows a South American tapir (Tapirus terrestris) wading in water -- round ears, proboscis, bulk all correct. Model identifies as 'Pteropus genus' (fruit bats), calls it 'largest terrestrial primate', places in South Asia/Indonesia. Complete misidentification at class level. All dimensions = 1.",2026-05-05 02:23:44
S0138,iNat_Haliaeetus_leucocephalus_04,Haliaeetus leucocephalus,Bald eagle,4,qwen35_9b,childrens,,0.7,0,forced_evasion,3,5,4,1,3,"SERIAL: S0138
R_SPECIES: 3
R_HABITAT: 5
R_DIET: 4
R_IUCN: 1
R_OVERALL: 3
NOTES: IMAGE_OK: Bald eagle in full flight against clear blue sky. Story is a fable (Barny) -- no scientific name (Haliaeetus leucocephalus). Range: Alaska to Florida, mountains to marshes -- comprehensive and accurate. Diet: fish (trout primary), birds, small mammals -- correct. Mentions conservation recovery ('doing better than ever') but IUCN LC not explicitly stated. R_OVERALL 3.",2026-05-05 02:27:13
S0139,iNat_Loxodonta_africana_03,Loxodonta africana,African elephant,4,qwen35_9b,mythological,West African (Yoruba),0.7,1,forced_evasion,3,4,4,1,3,"SERIAL: S0139
R_SPECIES: 3
R_HABITAT: 4
R_DIET: 4
R_IUCN: 1
R_OVERALL: 3
NOTES: IMAGE_OK: Bull African elephant with very long ivory tusks in flowery savanna (likely Ngorongoro). Mythological narrative (Oba Eleba) -- no scientific name (Loxodonta africana). Range: West Africa, Senegal to Congo Basin -- broadly accurate for savanna elephant. Diet: acacia pods, wild tubers, sweet grains -- correct. Mentions poaching threat but IUCN VU not stated. R_OVERALL 3.",2026-05-05 02:27:13
S0140,iNat_Acinonyx_jubatus_02,Acinonyx jubatus,Cheetah,4,qwen3vl8b,factual,,0.7,0,stratified_random,5,5,5,1,4,"SERIAL: S0140
R_SPECIES: 5
R_HABITAT: 5
R_DIET: 5
R_IUCN: 1
R_OVERALL: 4
NOTES: IMAGE_OK: Two cheetahs grooming on green savanna grass. Correct scientific name Acinonyx jubatus. Range: sub-Saharan Africa + Iran, 21 countries -- accurate. Diet: Thomson's gazelles, impalas, springboks -- excellent prey species identification. Speed 120 km/h, throat-bite killing technique -- accurate. IUCN section cut off before VU stated -- score 1. R_OVERALL 4 (strong overall despite truncation).",2026-05-05 02:27:13
S0141,iNat_Hydrochoerus_hydrochaeris_00,Hydrochoerus hydrochaeris,Capybara,2,llava_interleave,conservation,,0.7,2,forced_shr1,1,1,1,1,1,"SERIAL: S0141
R_SPECIES: 1
R_HABITAT: 1
R_DIET: 1
R_IUCN: 1
R_OVERALL: 1
NOTES: IMAGE_LABEL_MISMATCH: Image shows a capybara (Hydrochoerus hydrochaeris) at night beside a suburban pond -- large rodent body, blunt head clearly visible. Model identifies it as 'raccoon (Nyctereutes procyonoides)' -- wrong species, wrong family, wrong continent. IUCN LC stated but for wrong species -- coincidental, score 1. All dimensions = 1.",2026-05-05 02:27:13
S0142,iNat_Panthera_pardus_orientalis_00,Panthera pardus orientalis,Amur leopard,3,qwen25vl,factual,,0.7,1,stratified_random,5,4,5,5,5,"SERIAL: S0142
R_SPECIES: 5
R_HABITAT: 4
R_DIET: 5
R_IUCN: 5
R_OVERALL: 5
NOTES: IMAGE_OK: Amur leopard resting on snowy slope against mixed forest/mountain backdrop -- Russian Far East. Correct scientific name Panthera pardus orientalis. Habitat: temperate forests E. Russia/Sikhote-Alin border -- accurate (primary range is Primorsky Krai/Land of the Leopard NP, slight imprecision). Diet: deer, wild boar, hares -- correct primary prey. IUCN 'Critically Endangered' explicitly stated. R_OVERALL 5.",2026-05-05 02:27:13
S0143,iNat_Rhinoceros_unicornis_02,Rhinoceros unicornis,Indian rhinoceros,1,ayavision,conservation,,0.3,0,forced_shr1,3,5,4,5,4,"SERIAL: S0143
R_SPECIES: 3
R_HABITAT: 5
R_DIET: 4
R_IUCN: 5
R_OVERALL: 4
NOTES: IMAGE_OK: Indian one-horned rhino wading in dense green wetland grass with cattle egrets on its back. No scientific name (Rhinoceros unicornis) stated -- caps R_SPECIES. IUCN VU explicitly stated via 'vulnerable status according to IUCN Red List'. Range: India/Nepal/Bhutan grasslands/forests/wetlands -- accurate. Diet: grasses/leaves/twigs -- correct. R_OVERALL 4 despite missing sci name.",2026-05-05 02:30:15
S0144,iNat_Ursus_maritimus_00,Ursus maritimus,Polar bear,1,llava_interleave,childrens,,0.7,2,forced_shr1,3,3,4,1,2,"SERIAL: S0144
R_SPECIES: 3
R_HABITAT: 3
R_DIET: 4
R_IUCN: 1
R_OVERALL: 2
NOTES: IMAGE_OK: Polar bear on fragmented Arctic sea ice -- dramatic landscape. Story has no scientific name (Ursus maritimus). Habitat: 'icy plains' and ice -- vague; no Arctic/sea ice ecosystem specifics. Diet: seals (primary prey) correct; mentions diving/swimming for seals -- accurate. Climate change/ice melt threat noted. IUCN VU not stated. R_OVERALL 2.",2026-05-05 02:30:15
S0145,iNat_Ambystoma_mexicanum_01,Ambystoma mexicanum,Axolotl,2,qwen2vl2b,factual,,0.3,2,forced_evasion,1,1,1,1,1,"SERIAL: S0145
R_SPECIES: 1
R_HABITAT: 1
R_DIET: 1
R_IUCN: 1
R_OVERALL: 1
NOTES: IMAGE_LABEL_MISMATCH: Same captive axolotl image as S0116. Model identifies as Common Newt (Triturus vulgaris) -- wrong species, wrong family, wrong continent (Europe vs Xochimilco Mexico). No axolotl facts, no IUCN CR. All dimensions = 1.",2026-05-05 02:30:15
S0146,iNat_Diceros_bicornis_04,Diceros bicornis,Black rhino,3,qwen35_9b,factual,,0.7,0,forced_shr1,1,1,1,1,1,"SERIAL: S0146
R_SPECIES: 1
R_HABITAT: 1
R_DIET: 1
R_IUCN: 1
R_OVERALL: 1
NOTES: IMAGE_LABEL_MISMATCH: Same black rhino image as S0115. Model misidentifies as Indian Rhinoceros (Rhinoceros unicornis) with compound morphological error: claims Indian rhino has 'two horns' -- wrong, unicornis = one horn. Describes Africa-dwelling black rhino but assigns India/Nepal range. Wrong species, wrong range, no diet, IUCN CR not stated. All dimensions = 1.",2026-05-05 02:30:15
S0147,iNat_Panthera_leo_04,Panthera leo,African lion,1,qwen35_9b,mythological,West African (Yoruba),0.7,1,forced_evasion,3,4,5,1,3,"SERIAL: S0147
R_SPECIES: 3
R_HABITAT: 4
R_DIET: 5
R_IUCN: 1
R_OVERALL: 3
NOTES: IMAGE_OK: Tiny lion cub walking on sandy ground -- consistent with story's cub protagonist. Yoruba mythological narrative (Oluwale). No scientific name (Panthera leo). Range: Southern Nigeria/Benin/Togo -- accurate reference to West African lion population. Diet: zebras, wildebeest, antelope -- correct primary prey. IUCN VU not stated ('numbers dwindling' but no explicit category). Story truncated. R_OVERALL 3.",2026-05-05 02:30:15
S0148,iNat_Panthera_pardus_orientalis_00,Panthera pardus orientalis,Amur leopard,3,qwen25vl,factual,,0.3,0,stratified_random,5,4,5,5,5,"SERIAL: S0148
R_SPECIES: 5
R_HABITAT: 4
R_DIET: 5
R_IUCN: 5
R_OVERALL: 5
NOTES: IMAGE_OK: Same Amur leopard camera trap image as S0142. Correct scientific name Panthera pardus orientalis. Habitat: temperate E. Russia/Sikhote-Alin -- accurate. Diet: deer/wild boar/hares -- correct. IUCN CR explicitly stated ('critically endangered, fewer than 70 mature individuals'). Behavioral detail (solitary, crepuscular, tree-resting) accurate. R_OVERALL 5.",2026-05-05 02:32:25
S0149,iNat_Probosciger_aterrimus_02,Probosciger aterrimus,Palm cockatoo,2,llava16,factual,,0.3,2,forced_shr1,1,1,2,1,1,"SERIAL: S0149
R_SPECIES: 1
R_HABITAT: 1
R_DIET: 2
R_IUCN: 1
R_OVERALL: 1
NOTES: IMAGE_LABEL_MISMATCH: Image clearly shows palm cockatoo (Probosciger aterrimus) -- distinctive red facial patch and long crest visible. Model identifies as 'Black Cockatoo (Calyptus virescens)' -- Calyptus is not a valid cockatoo genus; wrong species. Range: coastal NSW/Victoria/SA -- wrong (palm cockatoo: New Guinea and Cape York Peninsula). Diet: seeds/fruits/insects -- seeds and fruits partially applicable. IUCN LC not stated. All key dimensions = 1.",2026-05-05 02:32:25
S0150,iNat_Equus_quagga_04,Equus quagga,Plains zebra,1,qwen25vl,conservation,,0.7,0,forced_shr1,1,1,1,1,1,"SERIAL: S0150
R_SPECIES: 1
R_HABITAT: 1
R_DIET: 1
R_IUCN: 1
R_OVERALL: 1
NOTES: IMAGE_LABEL_MISMATCH: Image shows a melanistic/very dark plains zebra foal (Equus quagga) with faint spotted stripes in dry savanna grass. Model identifies as Grevy's zebra (Equus grevyi) -- wrong species. Wrong IUCN (states 'Vulnerable' but Grevy's is actually EN; plains zebra is LC). Range describes Grevy's Kenya/Ethiopia arid grassland. All dimensions = 1.",2026-05-05 02:32:25
S0151,iNat_Gorilla_beringei_beringei_01,Gorilla beringei beringei,Mountain gorilla,3,qwen2vl2b,mythological,Ancient Greek,0.7,2,forced_evasion,2,2,3,1,2,"SERIAL: S0151
R_SPECIES: 2
R_HABITAT: 2
R_DIET: 3
R_IUCN: 1
R_OVERALL: 2
NOTES: IMAGE_OK: Adult gorilla cradling newborn in lush tropical forest -- consistent with mountain gorilla. Story is a mythological narrative -- no scientific name (Gorilla beringei beringei), no subspecies distinction, no Virunga/Bwindi habitat. Diet: plant-based leaves and fruits -- correct but minimal. IUCN EN not stated; 'precarious status' mentioned but no category. R_OVERALL 2.",2026-05-05 02:32:25
S0152,iNat_Loxodonta_africana_04,Loxodonta africana,African elephant,4,qwen2vl2b,childrens,,0.7,2,forced_ehr0,3,3,3,1,2,"SERIAL: S0152
R_SPECIES: 3
R_HABITAT: 3
R_DIET: 3
R_IUCN: 1
R_OVERALL: 2
NOTES: POSSIBLE_SUBSPECIES_MISMATCH: Image shows ochre-dusted elephants at forest bai/mineral lick with dense forest backdrop -- morphology (small size, rounded ears) consistent with forest elephant (L. cyclotis); label says L. africana. Story: fable (Jumbo), no scientific name, 'African savannah' correct broadly. Diet: leaves/fruits correct; tusk-reach behavior accurate. Mixed-language artifact (Chinese 'zuigao de'). IUCN VU not stated. R_OVERALL 2.",2026-05-05 02:32:25
S0153,iNat_Ursus_maritimus_03,Ursus maritimus,Polar bear,1,qwen3vl8b,factual,,0.3,2,forced_evasion,5,4,4,1,4,"SERIAL: S0153
R_SPECIES: 5
R_HABITAT: 4
R_DIET: 4
R_IUCN: 1
R_OVERALL: 4
NOTES: IMAGE_LABEL_MISMATCH: Image labeled Ursus_maritimus but shows a brown bear (Ursus arctos) in temperate coniferous forest -- same mislabeling pattern as S0079. Model correctly identifies as brown bear with accurate scientific name. Range: Northern Hemisphere, Alaska-Scandinavia-Carpathians -- correct. Diet: berries/grasses/roots/insects/small mammals -- accurate omnivore. IUCN LC (brown bear) not stated. Rated against actual image content.",2026-05-05 02:34:28
S0154,iNat_Rhinoceros_unicornis_04,Rhinoceros unicornis,Indian rhinoceros,1,llava_interleave,childrens,,0.7,1,forced_evasion,2,1,1,1,1,"SERIAL: S0154
R_SPECIES: 2
R_HABITAT: 1
R_DIET: 1
R_IUCN: 1
R_OVERALL: 1
NOTES: IMAGE_OK: Indian rhinos running in dusty forest/scrub -- mother and calf. Story has no scientific name. Range: 'Asia and Africa' -- wrong, Indian rhino is only South Asia (India/Nepal). Diet: leaves/fruits/bark with 'chews its cud' -- completely wrong; Indian rhino is a grass grazer and not a ruminant. Social: claims herds -- inaccurate (mostly solitary). IUCN VU not stated. Multiple factual errors. R_OVERALL 1.",2026-05-05 02:34:28
S0155,iNat_Equus_quagga_01,Equus quagga,Plains zebra,1,qwen2vl2b,conservation,,0.3,2,stratified_random,3,3,1,1,2,"SERIAL: S0155
R_SPECIES: 3
R_HABITAT: 3
R_DIET: 1
R_IUCN: 1
R_OVERALL: 2
NOTES: IMAGE_OK: Dark/melanistic plains zebra foal in dry grass (same image type as S0129). Story correctly identifies as 'plains zebra' with Africa grassland habitat. No scientific name (Equus quagga). No diet mentioned. Threats: habitat loss/poaching noted. IUCN LC not stated. Population described as 'generally stable' -- accurate. R_OVERALL 2.",2026-05-05 02:34:28
S0156,iNat_Ursus_arctos_03,Ursus arctos,Grizzly bear,4,qwen35_9b,mythological,Ancient Greek,0.7,0,stratified_random,3,4,5,1,3,"SERIAL: S0156
R_SPECIES: 3
R_HABITAT: 4
R_DIET: 5
R_IUCN: 1
R_OVERALL: 3
NOTES: IMAGE_OK: Same grizzly bear camera tripod image as S0126. Greek mythology narrative (Artemis/Olympus). No scientific name (Ursus arctos). Range: Alaska to Scandinavia, boreal/montane forests -- accurate. Diet: roots/berries/salmon/deer -- excellent and accurate for brown bear. Trophy hunting narrative. IUCN LC not stated. R_OVERALL 3.",2026-05-05 02:34:28
S0157,GBIF_Gorilla_beringei_beringei_00,Gorilla beringei beringei,Mountain gorilla,3,idefics3,conservation,,0.7,1,forced_evasion,1,1,1,1,1,"SERIAL: S0157
R_SPECIES: 1
R_HABITAT: 1
R_DIET: 1
R_IUCN: 1
R_OVERALL: 1
NOTES: IMAGE_LABEL_MISMATCH: Image clearly shows a mountain gorilla (Gorilla beringei beringei) in dense tropical vegetation. Model identifies as 'spider monkey (Ateles geoffroyii)' -- wrong species, wrong order (monkey vs ape), wrong continent (Central America vs Central Africa). IUCN CR stated but for wrong species (mountain gorilla is EN). All dimensions = 1.",2026-05-05 02:34:28
S0158,iNat_Acinonyx_jubatus_02,Acinonyx jubatus,Cheetah,4,idefics3,factual,,0.7,1,forced_ehr_high,5,4,4,5,4,"SERIAL: S0158
R_SPECIES: 5
R_HABITAT: 4
R_DIET: 4
R_IUCN: 5
R_OVERALL: 4
NOTES: IMAGE_OK: Same two-cheetah grooming image as S0140. Correct scientific name Acinonyx jubatus. Africa savannas/grasslands/open woodlands accurate. Diet: antelopes and gazelles -- correct. IUCN 'vulnerable on the IUCN Red List' -- explicitly stated, score 5. Minor behavioral error: 'female cheetahs form prides' -- wrong (lion terminology; cheetah females are solitary). R_OVERALL 4.",2026-05-05 02:36:13
S0159,GBIF_Ambystoma_mexicanum_01,Ambystoma mexicanum,Axolotl,2,qwen2vl2b,mythological,East Asian (Chinese/Japanese),0.3,1,forced_shr1,1,1,1,1,1,"SERIAL: S0159
R_SPECIES: 1
R_HABITAT: 1
R_DIET: 1
R_IUCN: 1
R_OVERALL: 1
NOTES: IMAGE_LABEL_MISMATCH: Same captive axolotl image. Story writes about 'Dragon Salamander' in ancient China forests -- completely wrong species, wrong range (China vs Xochimilco Mexico). No Ambystoma mexicanum facts, no IUCN CR. All dimensions = 1.",2026-05-05 02:36:13
S0160,iNat_Panthera_onca_03,Panthera onca,Jaguar,1,llava_interleave,conservation,,0.3,2,forced_shr1,3,3,1,5,3,"SERIAL: S0160
R_SPECIES: 3
R_HABITAT: 3
R_DIET: 1
R_IUCN: 5
R_OVERALL: 3
NOTES: IMAGE_OK: Two jaguars confronting each other on sandy riverbank with tropical vegetation -- Pantanal-type setting. IUCN 'Vulnerable' explicitly stated with IUCN reference -- score 5. No scientific name (Panthera onca). Range: Americas/Amazon correct; 'Andes' is an overstatement (jaguars avoid high elevations); 'deserts of North America' imprecise. No diet mentioned. R_OVERALL 3.",2026-05-05 02:36:13
S0161,GBIF_Ailuropoda_melanoleuca_01,Ailuropoda melanoleuca,Giant panda,1,qwen3vl8b,childrens,,0.3,1,forced_ehr0,3,4,4,1,2,"SERIAL: S0161
R_SPECIES: 3
R_HABITAT: 4
R_DIET: 4
R_IUCN: 1
R_OVERALL: 2
NOTES: IMAGE_OK: Giant panda visible high in tree (distant shot) -- story's tree-climbing narrative matches image well. No scientific name (Ailuropoda melanoleuca). Habitat: misty mountains of China, bamboo forests -- accurate. Diet: bamboo shoots, 12 hours/day -- correct. No IUCN VU stated. R_OVERALL 2.",2026-05-05 02:36:13
S0162,iNat_Ursus_arctos_03,Ursus arctos,Grizzly bear,4,llava_interleave,childrens,,0.7,0,stratified_random,2,2,3,1,1,"SERIAL: S0162
R_SPECIES: 2
R_HABITAT: 2
R_DIET: 3
R_IUCN: 1
R_OVERALL: 1
NOTES: IMAGE_OK: Same grizzly bear camera tripod image. Story describes 'dark green and brown fur coat' -- completely wrong morphology for any bear species (no bear has green fur). No scientific name. Diet: berries/roots/honey -- partially correct but very sparse. No habitat specifics beyond 'lush forest'. IUCN LC not stated. R_OVERALL 1 due to fundamental morphological error.",2026-05-05 02:36:13
S0163,iNat_Ursus_americanus_02,Ursus americanus,American black bear,4,qwen2vl2b,conservation,,0.3,0,forced_shr1,3,3,1,1,2,"SERIAL: S0163
R_SPECIES: 3
R_HABITAT: 3
R_DIET: 1
R_IUCN: 1
R_OVERALL: 2
NOTES: IMAGE_OK: Close-up portrait of American black bear with glossy black fur. Correctly identifies as black bear. No scientific name (Ursus americanus). Range: North America forests/mountains -- correct. No diet mentioned. IUCN stated as 'Critically Endangered' -- completely wrong, American black bear is LC. Score 1. R_OVERALL 2.",2026-05-05 02:38:39
S0164,iNat_Tapirus_terrestris_01,Tapirus terrestris,South American tapir,2,llava_interleave,conservation,,0.3,1,forced_evasion,2,2,2,1,1,"SERIAL: S0164
R_SPECIES: 2
R_HABITAT: 2
R_DIET: 2
R_IUCN: 1
R_OVERALL: 1
NOTES: IMAGE_OK: South American tapir (Tapirus terrestris) wading at a river bank -- characteristic proboscis and stocky body visible. IUCN stated as 'least concern' -- wrong, actual is VU. No scientific name. Claims tapirs are 'arboreal, spending much time in trees' -- completely wrong (tapirs are terrestrial). 'Prehensile tail' -- tapirs have no significant tail. Diet: fruits/nuts -- partially applicable. Multiple factual errors. R_OVERALL 1.",2026-05-05 02:38:39
S0165,iNat_Ailurus_fulgens_02,Ailurus fulgens,Red panda,2,qwen35_9b,conservation,,0.7,0,forced_evasion,3,5,1,1,3,"SERIAL: S0165
R_SPECIES: 3
R_HABITAT: 5
R_DIET: 1
R_IUCN: 1
R_OVERALL: 3
NOTES: IMAGE_OK: Red panda looking down from mossy montane tree branch. No scientific name (Ailurus fulgens). IUCN stated as 'Vulnerable' -- wrong, actual IUCN is EN (Endangered), score 1. Range: southern China/Nepal/India/Bhutan/Myanmar/N Vietnam montane forests -- excellent, score 5. No diet information ('foraging' only -- red panda primarily eats bamboo leaves). R_OVERALL 3 for strong habitat/conservation content.",2026-05-05 02:38:39
S0166,iNat_Alligator_mississippiensis_04,Alligator mississippiensis,American alligator,4,qwen25vl,conservation,,0.7,0,forced_shr1,3,4,1,1,2,"SERIAL: S0166
R_SPECIES: 3
R_HABITAT: 4
R_DIET: 1
R_IUCN: 1
R_OVERALL: 2
NOTES: IMAGE_OK: Juvenile American alligator in water between rocks -- striped pattern of young individual. No scientific name (Alligator mississippiensis). IUCN stated as 'Vulnerable' -- wrong, American alligator is LC (historic listing was Endangered but current status is LC). Range: Virginia to Florida to Texas -- accurate. Habitat: coastal marshes/swamps/slow-moving rivers -- correct. No specific diet stated (only 'apex predator'). R_OVERALL 2.",2026-05-05 02:38:39
S0167,iNat_Aquila_chrysaetos_01,Aquila chrysaetos,Golden eagle,4,gemma3,factual,,0.7,1,forced_evasion,1,1,1,1,1,"SERIAL: S0167
R_SPECIES: 1
R_HABITAT: 1
R_DIET: 1
R_IUCN: 1
R_OVERALL: 1
NOTES: INDIRECT_EVIDENCE_IMAGE: Large brown raptor flying alongside a glider over mountain landscape. Model identifies as 'Ruppell's Vulture (Gyps rueppelli)' -- wrong species; bird coloration/silhouette and European mountain setting consistent with golden eagle (Aquila chrysaetos). Wrong species, wrong range (Africa vs Holarctic), wrong morphology ('facial wattle' described but not visible). All dimensions = 1.",2026-05-05 02:38:39
S0168,iNat_Diceros_bicornis_04,Diceros bicornis,Black rhino,3,ayavision,childrens,,0.7,1,forced_evasion,3,3,3,1,2,"SERIAL: S0168
R_SPECIES: 3
R_HABITAT: 3
R_DIET: 3
R_IUCN: 1
R_OVERALL: 2
NOTES: IMAGE_OK: Same black rhino image as S0115/S0146. No scientific name (Diceros bicornis). Africa grasslands/savannahs -- correct. Diet: grasses/leaves/bark -- correct for browser; 'juicy fruits' unusual for black rhino. Factual error: 'horns are modified teeth' -- wrong, rhino horns are made of compacted keratin. IUCN CR not stated. R_OVERALL 2.",2026-05-05 02:40:27
S0169,iNat_Ursus_maritimus_03,Ursus maritimus,Polar bear,1,gemma3,conservation,,0.7,0,forced_evasion,5,4,4,4,4,"SERIAL: S0169
R_SPECIES: 5
R_HABITAT: 4
R_DIET: 4
R_IUCN: 4
R_OVERALL: 4
NOTES: IMAGE_LABEL_MISMATCH: Image labeled Ursus_maritimus but shows a brown bear in conifer forest (same as S0153). Model correctly identifies as European Brown Bear (Ursus arctos arctos). IUCN 'Least Concern' stated -- correct for brown bear globally. Range: Europe/western Asia, conifer forests/alpine meadows/river valleys -- accurate. Diet: berries/roots/insects/ungulates -- accurate omnivore. Rated against actual image content.",2026-05-05 02:40:27
S0170,iNat_Equus_quagga_02,Equus quagga,Plains zebra,1,llava_interleave,childrens,,0.7,0,forced_ehr0,3,4,3,1,2,"SERIAL: S0170
R_SPECIES: 3
R_HABITAT: 4
R_DIET: 3
R_IUCN: 1
R_OVERALL: 2
NOTES: IMAGE_OK: Same two plains zebras in thornbush image as S0113. Fable narrative -- no scientific name (Equus quagga). Africa savannah grasslands -- correct. Diet: grasses/fruits/bushes -- grasses correct, fruits/bushes somewhat applicable. Family/herd loyalty -- accurate social behavior. IUCN LC not stated. R_OVERALL 2.",2026-05-05 02:40:27
S0171,GBIF_Ambystoma_mexicanum_00,Ambystoma mexicanum,Axolotl,2,gemma3,childrens,,0.7,1,forced_evasion,1,1,1,1,1,"SERIAL: S0171
R_SPECIES: 1
R_HABITAT: 1
R_DIET: 1
R_IUCN: 1
R_OVERALL: 1
NOTES: INDIRECT_EVIDENCE_IMAGE: Very small dark salamander-like creature at water's edge against concrete/rock -- difficult to confirm as axolotl (very small juvenile possibly). Model identifies as 'Cave Salamander larva in Appalachian Mountains' -- wrong species, wrong range (Appalachians vs Xochimilco Mexico). No axolotl facts, no IUCN CR. All dimensions = 1.",2026-05-05 02:40:27
S0172,iNat_Strigops_habroptila_00,Strigops habroptila,Kakapo,3,gemma4_8b,conservation,,0.7,1,forced_shr1,1,1,1,1,1,"SERIAL: S0172
R_SPECIES: 1
R_HABITAT: 1
R_DIET: 1
R_IUCN: 1
R_OVERALL: 1
NOTES: IMAGE_OK: Kakapo (Strigops habroptila) clearly visible on branches at night -- distinctive cryptic green/yellow plumage, disc face, and robust build unmistakable. Model refuses to commit to any species identification, providing only a template with '[Pending Identification]'. Describes visible features accurately but assigns no species name, no IUCN, no habitat, no diet. All dimensions = 1.",2026-05-05 02:40:27
S0173,iNat_Ailurus_fulgens_02,Ailurus fulgens,Red panda,2,qwen3vl8b,conservation,,0.7,0,forced_shr1,3,5,2,1,3,"SERIAL: S0173
R_SPECIES: 3
R_HABITAT: 5
R_DIET: 2
R_IUCN: 1
R_OVERALL: 3
NOTES: IMAGE_OK: Same red panda mossy branch image as S0165. No scientific name (Ailurus fulgens). IUCN 'Vulnerable' stated -- wrong, actual is EN (Endangered), score 1. Range: Himalayas/Nepal to eastern Tibet/southern China, 2000-4000m bamboo-dotted forests -- excellent, score 5. Diet: only 'bamboo-loving' mentioned in passing, no dedicated diet section -- score 2. R_OVERALL 3.",2026-05-05 02:42:42
S0174,iNat_Panthera_leo_02,Panthera leo,African lion,1,gemma4_8b,childrens,,0.3,2,forced_ehr0,3,4,1,1,2,"SERIAL: S0174
R_SPECIES: 3
R_HABITAT: 4
R_DIET: 1
R_IUCN: 1
R_OVERALL: 2
NOTES: IMAGE_OK: Same lioness in savanna image as S0120/S0135. Story (Leo the lion cub fable) -- no scientific name (Panthera leo). Savanna/tall grasses habitat -- correct. Diet section describes WARTHOG diet (roots/grasses/bugs) rather than lion diet (large ungulates/wildebeest/zebra) -- score 1. IUCN VU not stated. R_OVERALL 2.",2026-05-05 02:42:42
S0175,iNat_Setonix_brachyurus_02,Setonix brachyurus,Quokka,2,gemma3,childrens,,0.3,2,forced_ehr0,3,5,4,1,3,"SERIAL: S0175
R_SPECIES: 3
R_HABITAT: 5
R_DIET: 4
R_IUCN: 1
R_OVERALL: 3
NOTES: IMAGE_OK: Quokka taking a selfie with a person -- classic Rottnest Island image. Story correctly identifies as quokka. No scientific name (Setonix brachyurus). Habitat: Rottnest Island/Western Australia -- highly specific and accurate, score 5. Diet: grasses/leaves/shoots -- correct. Nocturnal behavior, joey/marsupial reference accurate. IUCN VU not stated. R_OVERALL 3.",2026-05-05 02:42:42
S0176,iNat_Strigops_habroptila_02,Strigops habroptila,Kakapo,3,gemma3,factual,,0.3,2,forced_shr1,4,5,1,1,3,"SERIAL: S0176
R_SPECIES: 4
R_HABITAT: 5
R_DIET: 1
R_IUCN: 1
R_OVERALL: 3
NOTES: IMAGE_OK: Kakapo foraging on forest floor among dead leaves -- dense old-growth forest setting. Sci name 'Strigops habroptilus' -- close to correct (accepted name: habroptila), minor spelling variant, score 4. Habitat: historically NZ main islands; current predator-free islands (Codfish/Whenua Hou, Stewart/Rakiura, Little Barrier, Kapiti, Mangere) -- excellent specificity, score 5. No diet mentioned. IUCN EN not stated. R_OVERALL 3.",2026-05-05 02:42:42
S0177,iNat_Acinonyx_jubatus_02,Acinonyx jubatus,Cheetah,4,ayavision,mythological,Celtic,0.7,0,stratified_random,3,4,4,3,3,"SERIAL: S0177
R_SPECIES: 3
R_HABITAT: 4
R_DIET: 4
R_IUCN: 3
R_OVERALL: 3
NOTES: IMAGE_OK: Same two-cheetah grooming image. Celtic mythology narrative -- no scientific name (Acinonyx jubatus). Range: Serengeti/East Africa to arid deserts of Southern Africa -- accurate. Diet: antelope and gazelles -- correct primary prey. 'Vulnerable species' stated -- category named without explicit IUCN reference, score 3. R_OVERALL 3.",2026-05-05 02:42:42
S0178,GBIF_Strigops_habroptila_01,Strigops habroptila,Kakapo,3,llava_interleave,factual,,0.3,0,forced_shr1,1,2,2,1,1,"SERIAL: S0178
R_SPECIES: 1
R_HABITAT: 2
R_DIET: 2
R_IUCN: 1
R_OVERALL: 1
NOTES: IMAGE_OK. Kakapo clearly visible (owl-face, mottled green). llava_interleave refuses to name species at all — all info is generic bird hedging. Diet wrongly includes insects/small animals (kakapo is strictly herbivorous). No sci name, no IUCN EN.",2026-05-05 02:46:24
S0179,iNat_Loxodonta_africana_02,Loxodonta africana,African elephant,4,qwen35_9b,childrens,,0.3,2,forced_ehr0,4,5,5,1,3,"SERIAL: S0179
R_SPECIES: 4
R_HABITAT: 5
R_DIET: 5
R_IUCN: 1
R_OVERALL: 3
NOTES: IMAGE_OK. Large-tusked African savanna elephant — correct ID. Named African elephant correctly; largest land animal correct. Habitat: grasslands/open woodlands sub-Saharan Africa accurate. Diet: grass, leaves, fruits, roots — all accurate. No sci name (capped at 4). Note field truncated mid-sentence; no IUCN VU mentioned.",2026-05-05 02:46:24
S0180,GBIF_Equus_quagga_01,Equus quagga,Plains zebra,1,ayavision,mythological,East Asian (Chinese/Japanese),0.3,1,forced_ehr0,3,4,4,1,2,"SERIAL: S0180
R_SPECIES: 3
R_HABITAT: 4
R_DIET: 4
R_IUCN: 1
R_OVERALL: 2
NOTES: IMAGE_OK. Herd of plains zebras on African grassland — correct ID. Story frames zebra as Chinese East Asian sacred Horse of Heaven — culturally invented. Habitat correctly described as African grasslands/Serengeti/Kenya despite East Asia framing. Diet lush grasses correct. No sci name, no specific plains zebra name. No IUCN LC; implies conservation concern as if threatened (misleading for LC).",2026-05-05 02:46:24
S0181,GBIF_Panthera_pardus_orientalis_02,Panthera pardus orientalis,Amur leopard,3,gemma4_8b,mythological,West African (Yoruba),0.7,0,forced_ehr_high,1,1,1,1,1,"SERIAL: S0181
R_SPECIES: 1
R_HABITAT: 1
R_DIET: 1
R_IUCN: 1
R_OVERALL: 1
NOTES: INDIRECT_EVIDENCE_IMAGE. Image shows paw print in mud — impossible to visually ID Amur leopard. Model misidentifies as African Wild Dog (Lycaon pictus) — completely wrong species. Story truncated mid-sentence. All dimensions 1 due to wrong species.",2026-05-05 02:46:24
S0182,GBIF_Aquila_chrysaetos_00,Aquila chrysaetos,Golden eagle,4,qwen2vl2b,mythological,East Asian (Chinese/Japanese),0.7,1,forced_shr1,1,1,1,1,1,"SERIAL: S0182
R_SPECIES: 1
R_HABITAT: 1
R_DIET: 1
R_IUCN: 1
R_OVERALL: 1
NOTES: INDIRECT_EVIDENCE_IMAGE. Rocky cliff face with no clearly visible eagle. Model hallucinates Mountain Dragon — a mythical Chinese creature — as the species. Complete wrong species (not golden eagle). Mountains of China habitat coincidentally somewhat correct but diet/behavior entirely fictional (fire-breathing). No IUCN LC.",2026-05-05 02:46:24
S0183,iNat_Equus_quagga_01,Equus quagga,Plains zebra,1,ayavision,mythological,West African (Yoruba),0.3,1,stratified_random,3,1,4,1,2,"SERIAL: S0183
R_SPECIES: 3
R_HABITAT: 1
R_DIET: 4
R_IUCN: 1
R_OVERALL: 2
NOTES: IMAGE_OK. Juvenile plains zebra foal with tan coat and faint stripes — correct species recognizable. Story names zebra correctly but places it in West Africa (Nigeria, Benin, Togo) — seriously wrong range; plains zebras are East/Southern African. Yoruba people framing entirely fabricated. Diet: grasses and herbs — correct. No sci name, no IUCN LC; implies threatened status incorrectly for an LC species.",2026-05-05 02:48:04
S0184,iNat_Alligator_mississippiensis_02,Alligator mississippiensis,American alligator,4,qwen2vl2b,childrens,,0.3,0,forced_shr1,2,4,4,1,2,"SERIAL: S0184
R_SPECIES: 2
R_HABITAT: 4
R_DIET: 4
R_IUCN: 1
R_OVERALL: 2
NOTES: IMAGE_OK. Two American alligators visible in algae-covered water — correct species. Story calls it a crocodile (crocodile named Gator) — wrong family-level identification. Habitat swamp correct. Diet fish, frogs, small mammals — accurate for alligator. Truncated mid-sentence. No sci name, no IUCN LC.",2026-05-05 02:48:04
S0185,iNat_Alligator_mississippiensis_00,Alligator mississippiensis,American alligator,4,llava_interleave,conservation,,0.3,0,forced_shr1,1,1,1,1,1,"SERIAL: S0185
R_SPECIES: 1
R_HABITAT: 1
R_DIET: 1
R_IUCN: 1
R_OVERALL: 1
NOTES: IMAGE_UNVIEWABLE (file 17.7MB exceeds API limit). Story completely misidentifies species as Great Blue Heron (Ardea alba) — which is actually the scientific name for Great Egret, not Blue Heron; wrong class entirely vs alligator. IUCN Least Concern stated — coincidentally correct but for wrong species so scores 1. All dims 1 per wrong-species rule.",2026-05-05 02:48:04
S0186,GBIF_Myrmecophaga_tridactyla_02,Myrmecophaga tridactyla,Giant anteater,2,idefics3,childrens,,0.7,0,forced_ehr0,1,1,1,1,1,"SERIAL: S0186
R_SPECIES: 1
R_HABITAT: 1
R_DIET: 1
R_IUCN: 1
R_OVERALL: 1
NOTES: IMAGE_OK. Giant anteater clearly visible — distinctive elongated snout, bushy tail, grey-black-white coloration. idefics3 misidentifies as groundhog — completely wrong species. Story describes grass diet (wrong; anteater eats ants/termites) and burrowing behavior (wrong; anteaters are nomadic). No IUCN VU. All dims 1.",2026-05-05 02:48:04
S0187,iNat_Strigops_habroptila_01,Strigops habroptila,Kakapo,3,ayavision,mythological,East Asian (Chinese/Japanese),0.3,0,forced_shr1,1,1,1,1,1,"SERIAL: S0187
R_SPECIES: 1
R_HABITAT: 1
R_DIET: 1
R_IUCN: 1
R_OVERALL: 1
NOTES: IMAGE_OK. Beautiful nighttime kakapo drinking from pool — owl-like facial disc, mottled green plumage, clearly identifiable. ayavision invents Kingfisher of the Clouds — completely wrong fictitious species. Habitat described as Far East misty mountains (wrong; kakapo is New Zealand forest). Diet fish from rivers (wrong; kakapo strictly herbivorous). No IUCN EN. All dims 1.",2026-05-05 02:48:04
S0188,GBIF_Acipenser_sturio_02,Acipenser sturio,European sturgeon,3,ayavision,conservation,,0.3,1,forced_shr1,1,2,2,1,1,"SERIAL: S0188
R_SPECIES: 1
R_HABITAT: 2
R_DIET: 2
R_IUCN: 1
R_OVERALL: 1
NOTES: IMAGE_LABEL_MISMATCH. Image shows a seagull (Larus sp.) eating a fish at a dock — not a European sturgeon. Model identified Great Egret (Egretta garzetta) — also wrong (seagull not egret). Habitat wetlands/coastal somewhat applicable to seagull. Diet fish/crustaceans applicable to seagull. IUCN LC stated but for wrong species (and image shows wrong species vs label). All dims low due to wrong species and image mismatch.",2026-05-05 02:50:02
S0189,iNat_Rhinoceros_unicornis_04,Rhinoceros unicornis,Indian rhinoceros,1,idefics3,factual,,0.3,1,stratified_random,5,5,4,2,4,"SERIAL: S0189
R_SPECIES: 5
R_HABITAT: 5
R_DIET: 4
R_IUCN: 2
R_OVERALL: 4
NOTES: IMAGE_OK. Two Indian rhinos running in forest — clear single horn and armored skin. Correctly identified as greater one-horned rhinoceros with correct scientific name Rhinoceros unicornis. Habitat: tropical grasslands and swampy areas of South Asia — accurate. Diet: grasses, leaves, fruits — correct. Behavioral: solitary, good swimmers — accurate. Conservation: says endangered but actual IUCN is VU (Vulnerable) — wrong category. Good overall accuracy.",2026-05-05 02:50:02
S0190,GBIF_Probosciger_aterrimus_01,Probosciger aterrimus,Palm cockatoo,2,ayavision,mythological,East Asian (Chinese/Japanese),0.7,0,forced_ehr_high,3,3,2,1,2,"SERIAL: S0190
R_SPECIES: 3
R_HABITAT: 3
R_DIET: 2
R_IUCN: 1
R_OVERALL: 2
NOTES: IMAGE_OK. Palm cockatoo clearly visible — large black bird with prominent fan crest, red cheek patches, large beak foraging on grass. Story calls it Great Black Cockatoo — incorrect common name (should be Palm Cockatoo). Habitat described as Southeast Asia forests — approximate but palm cockatoos are from New Guinea/Cape York. Diet: nectar of sacred flowers — wrong; palm cockatoos eat hard seeds/palm nuts/fruits. No IUCN LC; implies near-extinction overstating conservation concern for an LC species.",2026-05-05 02:50:02
S0191,iNat_Panthera_pardus_orientalis_00,Panthera pardus orientalis,Amur leopard,3,qwen2vl2b,conservation,,0.3,0,forced_shr1,3,4,1,2,3,"SERIAL: S0191
R_SPECIES: 3
R_HABITAT: 4
R_DIET: 1
R_IUCN: 2
R_OVERALL: 3
NOTES: IMAGE_OK. Camera trap photo of spotted leopard on snowy mountainside with forested hills — clearly Amur leopard setting and appearance (golden coat, large rosettes, Russian Far East habitat). Story identifies as leopard correctly, notes snowy mountain habitat. No sci name (Panthera pardus orientalis). IUCN hedges EN or VU, actual is CR — says critically endangered once but confusingly. Mentions African swine fever as threat (error — pig disease, not leopard threat). No diet information provided.",2026-05-05 02:50:02
S0192,GBIF_Acinonyx_jubatus_01,Acinonyx jubatus,Cheetah,4,qwen3vl8b,mythological,East Asian (Chinese/Japanese),0.7,0,forced_ehr_high,3,5,5,2,3,"SERIAL: S0192
R_SPECIES: 3
R_HABITAT: 5
R_DIET: 5
R_IUCN: 2
R_OVERALL: 3
NOTES: IMAGE_OK. Spotted cat in lush African woodland — labeled cheetah (Acinonyx jubatus). Story frames as mythological Qilin but explicitly identifies it as a cheetah. No sci name. Habitat Serengeti to Kruger, African savanna and woodlands — accurate. Diet: gazelles and antelope — correct for cheetah. IUCN says endangered but actual is VU (Vulnerable) — wrong category. Conservation concern captured but category wrong.",2026-05-05 02:50:02
S0193,iNat_Ursus_arctos_03,Ursus arctos,Grizzly bear,4,ayavision,mythological,Ancient Greek,0.7,0,forced_shr1,2,4,4,1,2,"SERIAL: S0193
R_SPECIES: 2
R_HABITAT: 4
R_DIET: 4
R_IUCN: 1
R_OVERALL: 2
NOTES: IMAGE_OK. Brown/grizzly bear standing upright examining a camera tripod in temperate forest — clearly Ursus arctos. Story names species Ursus Major (a constellation, not a real species) — wrong name. Habitat: temperate forests of North America — correct. Diet: berries, nuts, fruits, fish, small mammals — accurate omnivore diet. Conservation: claims bear is endangered — wrong; Ursus arctos is IUCN LC. No scientific name, no IUCN LC stated.",2026-05-05 02:51:50
S0194,iNat_Tapirus_terrestris_03,Tapirus terrestris,South American tapir,2,qwen25vl,factual,,0.7,0,forced_shr1,1,1,2,1,1,"SERIAL: S0194
R_SPECIES: 1
R_HABITAT: 1
R_DIET: 2
R_IUCN: 1
R_OVERALL: 1
NOTES: IMAGE_OK. Juvenile South American tapir lying on concrete next to an orange kitten — recognizable tapir snout and grey coloration. Model invents Tapanuli Tapir (Tapirus tapirus tapanuliensis) from Sumatra, Indonesia — nonexistent subspecies and wrong continent/species entirely. Habitat: Leuser/Batang Toru ecosystems in Sumatra — completely wrong (South American tapir is from South America). Diet: leaves/stems/fruits/bark — correct for tapirs in general. IUCN states CR for invented species; actual S. American tapir is VU.",2026-05-05 02:51:50
S0195,iNat_Hippopotamus_amphibius_01,Hippopotamus amphibius,Hippopotamus,1,gemma3,childrens,,0.7,0,forced_ehr0,5,5,5,1,4,"SERIAL: S0195
R_SPECIES: 5
R_HABITAT: 5
R_DIET: 5
R_IUCN: 1
R_OVERALL: 4
NOTES: IMAGE_OK. Close-up of large hippo in water with small calf peeking from behind — unmistakably hippopotamus. Correctly identifies Hippopotamus amphibius (correct scientific name). Habitat: rivers/lakes/swamps in Africa — accurate. Diet: herbivore grazing grass at night — correct. Minor inaccuracy: says they need water because of few sweat glands — hippos actually secrete blood-sweat (hipposudoric acid) as sunscreen, not true sweat glands. No IUCN VU mentioned.",2026-05-05 02:51:50
S0196,iNat_Ursus_maritimus_03,Ursus maritimus,Polar bear,1,gemma4_8b,factual,,0.3,2,forced_shr1,4,5,5,1,3,"SERIAL: S0196
R_SPECIES: 4
R_HABITAT: 5
R_DIET: 5
R_IUCN: 1
R_OVERALL: 3
NOTES: IMAGE_LABEL_MISMATCH. Image labeled Ursus_maritimus (polar bear) shows a brown bear in temperate coniferous forest — clearly Ursus arctos, not polar bear. Model correctly identifies Brown Bear (Ursus arctos) — accurate for image content. Habitat: temperate mixed coniferous/deciduous forest — correct for brown bear. Diet: omnivore — vegetation/berries/invertebrates/ungulates — accurate. Story truncated before IUCN section. No IUCN mentioned.",2026-05-05 02:51:50
S0197,GBIF_Acipenser_sturio_00,Acipenser sturio,European sturgeon,3,qwen35_9b,childrens,,0.3,0,forced_ehr0,3,4,4,1,3,"SERIAL: S0197
R_SPECIES: 3
R_HABITAT: 4
R_DIET: 4
R_IUCN: 1
R_OVERALL: 3
NOTES: IMAGE_OK. Two juvenile sturgeons in a white container — bony scutes and elongated body clearly visible. Story correctly identifies sturgeon and describes scutes accurately. Diet: tiny shrimp and insect larvae (bottom feeding) — correct for juvenile sturgeon. Rivers of Europe and Asia — correct range. Notes ancient age (100+ years) — true. No scientific name Acipenser sturio. No IUCN CR. Story truncated mid-sentence.",2026-05-05 02:51:50
S0198,GBIF_Pan_troglodytes_00,Pan troglodytes,Chimpanzee,1,llava16,mythological,West African (Yoruba),0.7,2,forced_shr1,2,3,2,1,2,"SERIAL: S0198
R_SPECIES: 2
R_HABITAT: 3
R_DIET: 2
R_IUCN: 1
R_OVERALL: 2
NOTES: IMAGE_OK. Clear chimpanzee in tree — black fur, bare face, large ears. Story misidentifies as gorilla — wrong species (both great apes but distinct). Gorilla-style vegetarian diet (leaves/fruits/bark/bananas) described — less accurate for chimps who also eat meat, insects, eggs. Habitat rainforest broadly correct for both species. Threats (bushmeat poaching, pet trade, habitat loss) correct for chimps but attributed to gorillas. No sci name, no IUCN EN. Story truncated.",2026-05-05 02:53:23
S0199,GBIF_Gorilla_beringei_beringei_01,Gorilla beringei beringei,Mountain gorilla,3,qwen25vl,mythological,Celtic,0.7,0,forced_ehr_high,3,5,4,2,3,"SERIAL: S0199
R_SPECIES: 3
R_HABITAT: 5
R_DIET: 4
R_IUCN: 2
R_OVERALL: 3
NOTES: IMAGE_OK. Large black ape in dense green vegetation — mountain gorilla implied by context (size, black fur, forested setting). Story names Sacred Gorilla in Uganda/Rwanda — correct mountain gorilla range. Bamboo groves habitat correct. Diet: fruits, leaves, shoots — accurate. Silverback social structure correct. No scientific name (Gorilla beringei beringei). Mentions threat of extinction/diminished numbers — captures EN severity but does not state IUCN EN explicitly. Celtic mythology framing. Conservation concern implied but no formal IUCN category.",2026-05-05 02:53:23
S0200,GBIF_Panthera_pardus_orientalis_02,Panthera pardus orientalis,Amur leopard,3,qwen3vl8b,mythological,West African (Yoruba),0.3,0,stratified_random,1,1,1,1,1,"SERIAL: S0200
R_SPECIES: 1
R_HABITAT: 1
R_DIET: 1
R_IUCN: 1
R_OVERALL: 1
NOTES: INDIRECT_EVIDENCE_IMAGE. Same paw print in mud image (Panthera_pardus_orientalis_02.jpg). Model misidentifies as African Clawed Frog (Xenopus laevis) from Niger Delta — completely wrong species, wrong continent, wrong habitat, wrong diet. All dims 1.",2026-05-05 02:53:23
S0201,iNat_Ailuropoda_melanoleuca_02,Ailuropoda melanoleuca,Giant panda,1,gemma3,conservation,,0.7,0,stratified_random,5,5,5,5,5,"SERIAL: S0201
R_SPECIES: 5
R_HABITAT: 5
R_DIET: 5
R_IUCN: 5
R_OVERALL: 5
NOTES: IMAGE_OK. Camera trap photo of giant panda in snowy bamboo forest — black and white markings unmistakable. Correctly identifies Giant Panda (Ailuropoda melanoleuca) with correct sci name. IUCN Vulnerable stated correctly. Range: Sichuan/Shaanxi/Gansu provinces — exact and accurate. Habitat: temperate broadleaf/mixed forests with dense bamboo — correct. Diet: bamboo 99%, 12-38 kg daily — specific and accurate. Threats: habitat loss, fragmentation, climate change — correct. Excellent all-round scientific accuracy.",2026-05-05 02:53:23
S0202,GBIF_Panthera_tigris_tigris_01,Panthera tigris tigris,Bengal tiger,1,qwen3vl8b,conservation,,0.3,1,forced_shr1,4,5,1,5,4,"SERIAL: S0202
R_SPECIES: 4
R_HABITAT: 5
R_DIET: 1
R_IUCN: 5
R_OVERALL: 4
NOTES: IMAGE_OK. Tiger on misty forest path — striped orange/black coat clearly visible. Bengal tiger correctly identified. IUCN Endangered stated correctly. Range: India/Nepal/Bhutan/Bangladesh/Myanmar — accurate. Habitats: dense tropical forests/mangroves/grasslands — correct. Project Tiger (1973) cited accurately. Population 3169 tigers in India — plausible current estimate. No scientific name (Panthera tigris tigris). No diet information provided — story focuses entirely on conservation.",2026-05-05 02:53:23
S0203,iNat_Ursus_maritimus_03,Ursus maritimus,Polar bear,1,qwen35_9b,factual,,0.3,2,forced_shr1,4,4,1,1,2,"SERIAL: S0203
R_SPECIES: 4
R_HABITAT: 4
R_DIET: 1
R_IUCN: 1
R_OVERALL: 2
NOTES: IMAGE_LABEL_MISMATCH. Same Ursus_maritimus_03.jpg — brown bear in temperate coniferous forest, not polar bear. Model correctly identifies Brown Bear (Ursus arctos) with correct sci name; notes diagnostic shoulder hump feature. Habitat: coniferous forest/taiga/tundra/alpine — correct for brown bear. Story truncated mid-sentence before diet and IUCN sections.",2026-05-05 02:55:09
S0204,iNat_Rhincodon_typus_01,Rhincodon typus,Whale shark,2,gemma4_8b,factual,,0.3,2,forced_shr1,1,1,1,1,1,"SERIAL: S0204
R_SPECIES: 1
R_HABITAT: 1
R_DIET: 1
R_IUCN: 1
R_OVERALL: 1
NOTES: INDIRECT_EVIDENCE_IMAGE. Extremely blurry image — tiny dark marine animal near a human hand/arm, impossible to confidently identify. Model identifies River Otter (Lutrogale grandis) — completely wrong species. Freshwater river habitat described — wrong (whale shark is oceanic). Carnivore diet (fish/frogs/crustaceans) described — wrong (whale shark is filter feeder on krill/plankton). No IUCN. All dims 1.",2026-05-05 02:55:09
S0205,GBIF_Tapirus_terrestris_02,Tapirus terrestris,South American tapir,2,qwen35_9b,conservation,,0.7,0,forced_shr1,5,5,1,5,4,"SERIAL: S0205
R_SPECIES: 5
R_HABITAT: 5
R_DIET: 1
R_IUCN: 5
R_OVERALL: 4
NOTES: IMAGE_OK. South American tapir swimming in river — distinctive elongated snout and dark grey body clearly visible. Correctly identifies South American tapir (Tapirus terrestris) with correct sci name. IUCN Vulnerable stated correctly. Range: Brazil/Peru/Colombia/Venezuela — accurate. Habitat: dense tropical rainforests/swamps/mangroves — correct. Threats: habitat loss/deforestation/illegal hunting correctly stated. Brazilian tapir project cited. No diet information described.",2026-05-05 02:55:09
S0206,iNat_Balaenoptera_musculus_04,Balaenoptera musculus,Blue whale,3,llava16,factual,,0.7,2,forced_shr1,5,4,2,5,3,"SERIAL: S0206
R_SPECIES: 5
R_HABITAT: 4
R_DIET: 2
R_IUCN: 5
R_OVERALL: 3
NOTES: IMAGE_OK. Large whale carcass beached on dark sandy shore — enormous size and baleen plate grooves consistent with blue whale. Correctly identifies Blue Whale (Balaenoptera musculus) with correct sci name. IUCN Endangered stated correctly. Habitat all oceans Arctic to Antarctic correct. Diet krill correct but story calls whales herbivores (wrong — krill are crustaceans/animals; blue whales are carnivores/filter feeders). Consumption stated as 60 pounds/day — drastically underestimated (actual ~4 tons daily). Claims blue whales are social pod animals — inaccurate (mostly solitary).",2026-05-05 02:55:09
S0207,iNat_Panthera_tigris_tigris_04,Panthera tigris tigris,Bengal tiger,1,gemma3,factual,,0.3,2,forced_shr1,5,5,1,1,3,"SERIAL: S0207
R_SPECIES: 5
R_HABITAT: 5
R_DIET: 1
R_IUCN: 1
R_OVERALL: 3
NOTES: IMAGE_OK. Bengal tiger with lighter/golden morph coloration lying on dirt forest path — clearly Bengal tiger (stripes, size, setting). Correctly identifies Bengal Tiger (Panthera tigris tigris) with correct sci name. Range: India/Nepal/Bhutan/Bangladesh/Myanmar — correct. Habitats: tropical moist deciduous forests/evergreen forests/mangroves/Sundarbans — comprehensive and accurate. Story truncated before diet section and before IUCN status could be stated.",2026-05-05 02:55:09
S0208,iNat_Elephas_maximus_00,Elephas maximus,Asian elephant,4,ayavision,conservation,,0.7,0,forced_shr1,2,2,4,1,2,"SERIAL: S0208
R_SPECIES: 2
R_HABITAT: 2
R_DIET: 4
R_IUCN: 1
R_OVERALL: 2
NOTES: IMAGE_OK. Two young Asian elephants interacting in lush grassy meadow — small ears and domed head characteristic of Elephas maximus visible. Story identifies generic elephant as Vulnerable — wrong; Asian elephant is IUCN EN (Endangered). Range stated as primarily Africa and Asia — wrong; Asian elephant (Elephas maximus) is Asia-only, not African. Diet grasses/leaves/fruits/bark correct herbivore. No scientific name, no specific Asian elephant identification.",2026-05-05 02:56:57
S0209,iNat_Setonix_brachyurus_02,Setonix brachyurus,Quokka,2,qwen2vl2b,conservation,,0.3,0,forced_shr1,3,4,1,1,2,"SERIAL: S0209
R_SPECIES: 3
R_HABITAT: 4
R_DIET: 1
R_IUCN: 1
R_OVERALL: 2
NOTES: IMAGE_OK. Classic quokka selfie with smiling man — unmistakably a quokka (round face, brown fur, upturned mouth). Correctly identifies quokka. IUCN Least Concern stated — wrong; actual IUCN is VU (Vulnerable). Habitat: Rottnest Island, Western Australia, coastal areas/mangroves/rocky outcrops — accurate. No scientific name (Setonix brachyurus). No diet information provided.",2026-05-05 02:56:57
S0210,iNat_Diceros_bicornis_02,Diceros bicornis,Black rhino,3,qwen25vl,mythological,East Asian (Chinese/Japanese),0.3,1,forced_shr1,2,3,1,1,2,"SERIAL: S0210
R_SPECIES: 2
R_HABITAT: 3
R_DIET: 1
R_IUCN: 1
R_OVERALL: 2
NOTES: IMAGE_OK. Black rhino mother with calf in African dry bush/savanna — hooked lip and typical body shape suggest black rhino (Diceros bicornis), consistent with label. Model misidentifies as White Rhinoceros — wrong species. African range (South Africa/Namibia/Botswana/Zimbabwe/Kenya) overlaps but more characteristic of white rhino distribution. Diet: grasses and shrubs — describes white rhino grazing diet; black rhino is a browser of woody plants/shrubs, not a grazer. No IUCN CR mentioned.",2026-05-05 02:56:57
S0211,iNat_Alligator_mississippiensis_04,Alligator mississippiensis,American alligator,4,ayavision,factual,,0.7,0,forced_shr1,5,5,5,5,5,"SERIAL: S0211
R_SPECIES: 5
R_HABITAT: 5
R_DIET: 5
R_IUCN: 5
R_OVERALL: 5
NOTES: IMAGE_OK. Juvenile American alligator resting in water between rocks — broad rounded snout and armored scutes clearly visible. Correctly identifies American alligator (Alligator mississippiensis) with correct sci name. Habitat: freshwater swamps/marshes/lakes/rivers in southeastern US (Florida/Louisiana/Texas/South Carolina) — accurate. Diet: fish/birds/turtles/small mammals — correct opportunistic carnivore. Conservation: correctly notes historic endangered listing and current recovery to Least Concern. Excellent all-round accuracy.",2026-05-05 02:56:57
S0212,iNat_Ailuropoda_melanoleuca_04,Ailuropoda melanoleuca,Giant panda,1,qwen2vl2b,childrens,,0.7,1,forced_ehr0,3,5,4,1,3,"SERIAL: S0212
R_SPECIES: 3
R_HABITAT: 5
R_DIET: 4
R_IUCN: 1
R_OVERALL: 3
NOTES: IMAGE_OK. Camera trap nighttime image of giant panda walking in snow through bamboo forest — black and white markings unmistakable. Story correctly places panda in Wolong National Nature Reserve — correct Sichuan reserve. Habitat: snowy bamboo forests — accurate. Diet: bamboo shoots — correct. Very short story; no scientific name (Ailuropoda melanoleuca); no IUCN VU mentioned.",2026-05-05 02:56:57
S0213,iNat_Ailurus_fulgens_02,Ailurus fulgens,Red panda,2,gemma3,childrens,,0.3,0,stratified_random,4,5,5,5,5,"SERIAL: S0213
R_SPECIES: 4
R_HABITAT: 5
R_DIET: 5
R_IUCN: 5
R_OVERALL: 5
NOTES: IMAGE_OK. Clear red panda in tree — reddish-orange fur, white-tipped ears, round face unmistakable. Correctly identifies red panda; correct IUCN Endangered; habitat Nepal/Bhutan/India/China Eastern Himalayas temperate forests accurate. Diet: bamboo mainly plus fruits/acorns/roots/insects — accurate. Correctly notes not related to giant panda. No scientific name Ailurus fulgens given. Story truncated.",2026-05-05 02:58:47
S0214,GBIF_Probosciger_aterrimus_02,Probosciger aterrimus,Palm cockatoo,2,llava_interleave,childrens,,0.7,1,forced_shr1,3,4,3,1,2,"SERIAL: S0214
R_SPECIES: 3
R_HABITAT: 4
R_DIET: 3
R_IUCN: 1
R_OVERALL: 2
NOTES: IMAGE_OK. Palm cockatoo perched on bare branch — large fan crest and red cheek patch fully visible, unmistakably Probosciger aterrimus. Story calls it Black Cockatoo — incorrect specific name. Dense tropical rainforest habitat correct. Diet fruits/seeds broadly correct; minor error including small insects; misses signature behavior of tool-use (stick drumming on hollow logs). Describes as great talker — wrong; palm cockatoos are not known for talking. No scientific name, no IUCN LC.",2026-05-05 02:58:47
S0215,GBIF_Ambystoma_mexicanum_01,Ambystoma mexicanum,Axolotl,2,qwen2vl2b,factual,,0.3,1,forced_ehr_high,1,1,1,1,1,"SERIAL: S0215
R_SPECIES: 1
R_HABITAT: 1
R_DIET: 1
R_IUCN: 1
R_OVERALL: 1
NOTES: IMAGE_OK. Orange/leucistic axolotl clearly visible in blue tub — feathery external gills on head and orange coloration are unmistakable axolotl features. Model identifies Pacific giant salamander (Plethodon gouldii) — wrong species AND incorrect sci name (Pacific giant salamander is Dicamptodon, not Plethodon). Pacific Northwest range — wrong; axolotl is endemic to Lake Xochimilco, Mexico. Diet herbivorous on aquatic plants — wrong; axolotls are carnivores eating worms/crustaceans/small fish. No IUCN CR.",2026-05-05 02:58:47
S0216,GBIF_Ambystoma_mexicanum_01,Ambystoma mexicanum,Axolotl,2,gemma3,mythological,East Asian (Chinese/Japanese),0.3,2,forced_shr1,1,1,2,1,1,"SERIAL: S0216
R_SPECIES: 1
R_HABITAT: 1
R_DIET: 2
R_IUCN: 1
R_OVERALL: 1
NOTES: IMAGE_OK. Same orange axolotl in blue tub — external gills and orange coloration unmistakable. Model identifies Hellbender (Cryptobranchus alleganiensis) — wrong species. Eastern US Allegheny/Ohio rivers — wrong; axolotl is Lake Xochimilco, Mexico. Diet crayfish/insects/small fish — coincidentally close to axolotl actual diet (carnivore) but described for wrong species. States Threatened for hellbender; no IUCN CR for actual axolotl.",2026-05-05 02:58:47
S0217,GBIF_Ailurus_fulgens_01,Ailurus fulgens,Red panda,2,qwen3vl8b,mythological,Ancient Greek,0.7,0,forced_shr1,5,5,5,2,4,"SERIAL: S0217
R_SPECIES: 5
R_HABITAT: 5
R_DIET: 5
R_IUCN: 2
R_OVERALL: 4
NOTES: IMAGE_OK. Red panda resting on mossy branch in temperate forest — reddish-orange fur and white ear tips clearly visible. Correctly identifies Red Panda and gives correct sci name Ailurus fulgens. Habitat: mist-shrouded Himalayan forests with bamboo — accurate. Diet: bamboo feast at twilight — correct. Conservation: story narratively captures hunting threat and near-extinction but no formal IUCN EN category stated explicitly. Artemis mythology framing.",2026-05-05 02:58:47
S0218,iNat_Ursus_arctos_03,Ursus arctos,Grizzly bear,4,qwen3vl8b,factual,,0.7,0,forced_evasion,5,5,2,1,3,"SERIAL: S0218
R_SPECIES: 5
R_HABITAT: 5
R_DIET: 2
R_IUCN: 1
R_OVERALL: 3
NOTES: IMAGE_LABEL_MISMATCH. Same Ursus_maritimus_03.jpg brown bear image. Model correctly identifies Brown Bear (Ursus arctos) with correct sci name; correctly distinguishes from black bear and polar bear; notes likely grizzly subspecies. Range: Alaska/Canada/USA Rockies/Russia/Scandinavia/Caucasus/Himalayas — comprehensive and accurate. Story truncated mid-diet section (only Vegetation listed); no IUCN LC section reached.",2026-05-05 03:00:37
S0219,iNat_Alligator_mississippiensis_03,Alligator mississippiensis,American alligator,4,qwen2vl2b,mythological,West African (Yoruba),0.3,0,stratified_random,3,2,1,1,2,"SERIAL: S0219
R_SPECIES: 3
R_HABITAT: 2
R_DIET: 1
R_IUCN: 1
R_OVERALL: 2
NOTES: IMAGE_OK. American alligator lunging from water attacking prey with pink flesh visible — armored scales, broad snout clearly identifiable. Story invents Alligator God mythology. Critically: includes curse that alligator would never eat meat — directly contradicts alligator carnivore reality. No specific species name, no sci name. Habitat: vague river/water implied but not described. No IUCN LC.",2026-05-05 03:00:37
S0220,GBIF_Panthera_pardus_orientalis_02,Panthera pardus orientalis,Amur leopard,3,idefics3,factual,,0.3,2,forced_ehr_high,1,1,1,1,1,"SERIAL: S0220
R_SPECIES: 1
R_HABITAT: 1
R_DIET: 1
R_IUCN: 1
R_OVERALL: 1
NOTES: INDIRECT_EVIDENCE_IMAGE. Same paw print in mud (Panthera_pardus_orientalis_02.jpg). idefics3 misidentifies as hare (Lepus americanus) — completely wrong species. Range: North America tundra/meadows — wrong. Diet: herbivore on grasses/leaves — wrong for leopard. IUCN: LC for Arctic hare stated — wrong (Amur leopard is CR). All dims 1.",2026-05-05 03:00:37
S0221,iNat_Alligator_mississippiensis_01,Alligator mississippiensis,American alligator,4,qwen25vl,mythological,Hindu,0.3,1,forced_shr1,1,1,2,1,1,"SERIAL: S0221
R_SPECIES: 1
R_HABITAT: 1
R_DIET: 2
R_IUCN: 1
R_OVERALL: 1
NOTES: IMAGE_OK. Juvenile American alligator swimming vertically underwater — armored scales and broad rounded snout clearly visible. Model misidentifies as Gharial (Gavialis gangeticus) from India/Ganges river — wrong species (different family Gavialidae) and wrong continent. Diet: predominantly fish mentioned — correct for gharial but gharials do not eat small mammals (purely piscivorous); alligator diet is broader. No IUCN LC for alligator; gharial is actually CR in real life.",2026-05-05 03:00:37
S0222,iNat_Ambystoma_mexicanum_04,Ambystoma mexicanum,Axolotl,2,gemma4_8b,factual,,0.7,0,forced_shr1,1,1,2,1,1,"SERIAL: S0222
R_SPECIES: 1
R_HABITAT: 1
R_DIET: 2
R_IUCN: 1
R_OVERALL: 1
NOTES: IMAGE_OK. Small dark salamander held in wet hands — dark coloration, tiny limbs, label says axolotl Ambystoma mexicanum. Model misidentifies as skink (family Scincidae) — completely wrong taxonomy (skinks are squamate lizards, not amphibians). Woodlands/grasslands/rocky terrestrial areas — wrong; axolotl is fully aquatic in Lake Xochimilco Mexico. Diet carnivore eating insects/spiders/worms — wrong species but diet type coincidentally overlaps with axolotl (also carnivore). No IUCN CR.",2026-05-05 03:00:37
S0223,GBIF_Panthera_pardus_orientalis_01,Panthera pardus orientalis,Amur leopard,3,qwen3vl8b,factual,,0.3,1,forced_evasion,1,1,2,1,1,"SERIAL: S0223
R_SPECIES: 1
R_HABITAT: 1
R_DIET: 2
R_IUCN: 1
R_OVERALL: 1
NOTES: IMAGE_OK. Camera trap image of spotted big cat walking in snowy setting with bare trees and wooden structures — consistent with Amur leopard in Russian Far East. Model identifies Bobcat (Lynx rufus) — completely wrong species. North American range of forests/woodlands — wrong; Amur leopard is Russian Far East/NE China. Diet: rabbits/hares/rodents/deer — partially overlaps but for wrong species. Story truncated before IUCN. No IUCN CR.",2026-05-05 03:02:27
S0224,GBIF_Patagioenas_squamosa_00,Patagioenas squamosa,Scaly-naped pigeon,2,qwen25vl,mythological,Hindu,0.3,1,forced_shr1,1,1,2,1,1,"SERIAL: S0224
R_SPECIES: 1
R_HABITAT: 1
R_DIET: 2
R_IUCN: 1
R_OVERALL: 1
NOTES: IMAGE_OK. Dark-plumaged pigeon with red eye ring feeding on round berries (sea grapes) in a leafy tree — consistent with scaly-naped pigeon (Patagioenas squamosa) in Caribbean. Story invents Maldivian Fruit Dove (Ptilinopus ridleyi) — completely wrong species and wrong ocean basin. Maldives forests — wrong; scaly-naped pigeon is Lesser Antilles/Caribbean. Diet: fruits and seeds from fig trees — correct feeding ecology for pigeons generally. No IUCN LC.",2026-05-05 03:02:27
S0225,iNat_Setonix_brachyurus_01,Setonix brachyurus,Quokka,2,llava16,childrens,,0.7,0,forced_ehr0,2,2,2,1,1,"SERIAL: S0225
R_SPECIES: 2
R_HABITAT: 2
R_DIET: 2
R_IUCN: 1
R_OVERALL: 1
NOTES: IMAGE_OK. Quokka with joey visible in pouch on pavement — unmistakably a quokka (round face, upturned mouth, joey in marsupium). Story invents Pogey as species name — not the actual common name. Correctly identifies marsupial nature and pouch. Diet: grass and berries broadly correct; insects minor error. Completely invents a long flexible trunk for drinking water — fictional anatomy that does not exist in quokkas. No IUCN VU, no scientific name.",2026-05-05 03:02:27
S0226,iNat_Diceros_bicornis_02,Diceros bicornis,Black rhino,3,qwen35_9b,mythological,East Asian (Chinese/Japanese),0.3,1,stratified_random,2,3,1,1,2,"SERIAL: S0226
R_SPECIES: 2
R_HABITAT: 3
R_DIET: 1
R_IUCN: 1
R_OVERALL: 2
NOTES: IMAGE_OK. Same black rhino mother with calf in African dry savanna — same image as S0210. Story again misidentifies as White Rhino — wrong species (black rhino is Diceros bicornis, white is Ceratotherium simum). African savanna range broadly correct for both species. Diet: feeding on tufts of grass — describes white rhino grazing behavior; black rhino is a browser of woody plants/shrubs, not a grazer. Notes numbers slowly rising — accurate for southern white rhino but misleading for CR black rhino. No IUCN CR.",2026-05-05 03:02:27
S0227,iNat_Equus_quagga_04,Equus quagga,Plains zebra,1,llava16,factual,,0.7,0,forced_shr1,1,1,2,1,1,"SERIAL: S0227
R_SPECIES: 1
R_HABITAT: 1
R_DIET: 2
R_IUCN: 1
R_OVERALL: 1
NOTES: IMAGE_OK. Melanistic/dark juvenile zebra foal in dry grassland — faint stripes visible on dark coat, characteristic Equus quagga foal. Model misidentifies as African buffalo (Syncerus caffer) — completely wrong species. Sub-Saharan Africa range and grassy savanna habitat — correct for buffalo but wrong species; coincidentally applicable to zebra. Diet: herbivore grazing grasses — correct for buffalo and also coincidentally correct for zebra. IUCN: Vulnerable stated — wrong for both buffalo (LC) and zebra (LC).",2026-05-05 03:02:27
S0228,iNat_Diceros_bicornis_04,Diceros bicornis,Black rhino,3,qwen35_9b,conservation,,0.3,1,forced_shr1,4,4,4,5,4,"SERIAL: S0228
R_SPECIES: 4
R_HABITAT: 4
R_DIET: 4
R_IUCN: 5
R_OVERALL: 4
NOTES: IMAGE_OK. Black rhino running powerfully in muddy grassland — narrow/hooked upper lip visible, characteristic of Diceros bicornis. Story discusses both species but correctly identifies black rhino (Diceros bicornis) as Critically Endangered with correct sci name. Correctly distinguishes black rhino hooked lip/browsing from white rhino square lip/grazing. Range: eastern/southern Africa including Kenya/Tanzania/Mozambique — correct for black rhino. Poaching for horns correctly identified as primary threat. Story truncated before completing recovery statistics.",2026-05-05 03:04:02
S0229,iNat_Ailuropoda_melanoleuca_03,Ailuropoda melanoleuca,Giant panda,1,llava_interleave,childrens,,0.7,0,forced_shr1,1,1,1,1,1,"SERIAL: S0229
R_SPECIES: 1
R_HABITAT: 1
R_DIET: 1
R_IUCN: 1
R_OVERALL: 1
NOTES: IMAGE_OK. Giant panda clearly visible in camera trap — unmistakable black/white markings in bamboo setting. Model misidentifies as grizzly bear — completely wrong species. Describes black fur on back and white face (partial visual match but wrong ID). Diet: leaves/twigs/fruits/fish/salmon — completely wrong; panda eats ~99% bamboo. Mentions hibernation — wrong; giant pandas do not hibernate. IUCN Least Concern — wrong; giant panda is VU.",2026-05-05 03:04:02
S0230,iNat_Hippopotamus_amphibius_01,Hippopotamus amphibius,Hippopotamus,1,llava16,conservation,,0.3,1,forced_shr1,3,5,3,5,3,"SERIAL: S0230
R_SPECIES: 3
R_HABITAT: 5
R_DIET: 3
R_IUCN: 5
R_OVERALL: 3
NOTES: IMAGE_OK. Same hippo mother with baby in water image as S0195. Correctly identifies hippopotamus. IUCN Vulnerable stated correctly. Habitat: sub-Saharan Africa rivers/lakes/marshes — accurate. Diet: story mentions aquatic plants — incorrect; hippos are primarily terrestrial grazers eating grass at night on land (not aquatic plants). Threats: habitat loss/poaching/climate change correctly stated. No scientific name (Hippopotamus amphibius).",2026-05-05 03:04:02
S0231,iNat_Pan_troglodytes_00,Pan troglodytes,Chimpanzee,1,llava16,childrens,,0.7,2,forced_ehr0,2,3,2,1,2,"SERIAL: S0231
R_SPECIES: 2
R_HABITAT: 3
R_DIET: 2
R_IUCN: 1
R_OVERALL: 2
NOTES: IMAGE_OK. Same chimpanzee in tree as S0198. Story names character Wally, described as a black-haired monkey with white nose and chest — inaccurate (chimps are great apes not monkeys; do not have white noses/chests). Diet: herbivore on leaves/fruits/bananas — partially correct but wrong; chimps are omnivores eating meat/insects/eggs in addition to fruits. Rainforest canopy habitat broadly correct. No IUCN EN, no sci name (Pan troglodytes). Conservation not discussed.",2026-05-05 03:04:02
S0232,iNat_Ursus_maritimus_03,Ursus maritimus,Polar bear,1,gemma4_8b,factual,,0.7,1,forced_shr1,5,5,5,1,3,"SERIAL: S0232
R_SPECIES: 5
R_HABITAT: 5
R_DIET: 5
R_IUCN: 1
R_OVERALL: 3
NOTES: IMAGE_LABEL_MISMATCH. Same brown bear in temperate forest image labeled as Ursus_maritimus. Model correctly identifies Brown Bear (Ursus arctos) with sci name, likely grizzly subspecies. Habitat: temperate coniferous/mixed forest — correct for brown bear. Diet: highly detailed and accurate omnivore — berries/roots/invertebrates/salmon/small and large mammals — excellent. Story truncated before IUCN section.",2026-05-05 03:04:02
S0233,GBIF_Ursus_maritimus_02,Ursus maritimus,Polar bear,1,llava_interleave,conservation,,0.3,2,forced_shr1,4,5,1,5,3,"SERIAL: S0233
R_SPECIES: 4
R_HABITAT: 5
R_DIET: 1
R_IUCN: 5
R_OVERALL: 3
NOTES: IMAGE_OK. Polar bear walking on sea ice with Arctic Ocean and ice floes in background — white fur on snow/ice unmistakably polar bear. Correctly identifies polar bear, IUCN Vulnerable stated correctly. Arctic region/sea ice habitat accurate. Primary threat: sea ice loss from climate change — correct. Also mentions shipping/mining pollution. No scientific name (Ursus maritimus). No diet information (should mention seals as primary prey). Story truncated.",2026-05-05 03:05:38
S0234,iNat_Dermochelys_coriacea_04,Dermochelys coriacea,Leatherback sea turtle,3,llava16,conservation,,0.7,2,forced_evasion,3,4,1,4,3,"SERIAL: S0234
R_SPECIES: 3
R_HABITAT: 4
R_DIET: 1
R_IUCN: 4
R_OVERALL: 3
NOTES: IMAGE_OK. Leatherback sea turtle underwater with mouth wide open — leather-like skin, distinctive pink markings, no hard shell visible, enormous size — unmistakably a leatherback. Story identifies as sea turtle generically — not specifically leatherback (Dermochelys coriacea). IUCN Vulnerable stated correctly. Geographic range: all oceans, coral reefs/seagrass/open ocean — broadly accurate. Threats: bycatch/hunting/habitat loss — correct. No diet (leatherbacks primarily eat jellyfish — key omission). No scientific name.",2026-05-05 03:05:38
S0235,iNat_Equus_quagga_01,Equus quagga,Plains zebra,1,idefics3,mythological,West African (Yoruba),0.7,0,stratified_random,3,5,4,1,3,"SERIAL: S0235
R_SPECIES: 3
R_HABITAT: 5
R_DIET: 4
R_IUCN: 1
R_OVERALL: 3
NOTES: IMAGE_OK. Same juvenile plains zebra foal with unusual dark tan coat and faint stripes as S0183. Story correctly identifies as baby zebra with peculiar unusual coat color — accurate observation. Habitat: Serengeti and Maasai Mara grasslands — accurate for plains zebra. Diet: rich grasses — correct herbivore. Inaccuracy: trumpeting call — zebras bray/bark, do not trumpet. No scientific name (Equus quagga). No IUCN LC. Story truncated mid-sentence.",2026-05-05 03:05:38
S0236,GBIF_Panthera_pardus_orientalis_02,Panthera pardus orientalis,Amur leopard,3,gemma3,childrens,,0.3,1,forced_ehr_high,1,1,1,1,1,"SERIAL: S0236
R_SPECIES: 1
R_HABITAT: 1
R_DIET: 1
R_IUCN: 1
R_OVERALL: 1
NOTES: INDIRECT_EVIDENCE_IMAGE. Same paw print in mud (Panthera_pardus_orientalis_02.jpg). gemma3 misidentifies as Eastern Mole (Scalopus aquaticus) — completely wrong species. North American woodland soil habitats — wrong. Diet earthworms/grubs/beetles — wrong for leopard. Describes burrowing/tunnel digging behavior — completely wrong for any leopard. No IUCN CR. All dims 1.",2026-05-05 03:05:38
S0237,iNat_Arctictis_binturong_04,Arctictis binturong,Binturong,2,gemma4_8b,childrens,,0.7,1,stratified_random,1,3,1,1,1,"SERIAL: S0237
R_SPECIES: 1
R_HABITAT: 3
R_DIET: 1
R_IUCN: 1
R_OVERALL: 1
NOTES: IMAGE_OK. Binturong peering from tree branch at night — shaggy black fur, small bear-like face, eyes reflecting camera flash — clearly a binturong (bearcat). Model misidentifies as raccoon — wrong species (different family/order entirely). Diet: berries/nuts/human scraps near homes — raccoon foraging described; binturong is primarily a frugivore (figs/fruits/small animals). Forest canopy habitat broadly correct. Nocturnal behavior correct. No scientific name, no IUCN VU.",2026-05-05 03:05:38
S0238,GBIF_Panthera_pardus_orientalis_00,Panthera pardus orientalis,Amur leopard,3,idefics3,mythological,Hindu,0.7,0,forced_ehr_high,1,1,1,1,1,"SERIAL: S0238
R_SPECIES: 1
R_HABITAT: 1
R_DIET: 1
R_IUCN: 1
R_OVERALL: 1
NOTES: IMAGE_OK. Same Amur leopard on snowy hillside (Panthera_pardus_orientalis_00.jpg). idefics3 misidentifies as snowshoe hare — completely wrong species. Canada/Alaska boreal forests — wrong; Amur leopard is Russian Far East. Herbivore diet (twigs/bark/leaves) — wrong for leopard (carnivore). IUCN Least Concern stated — wrong; Amur leopard is CR. All dims 1.",2026-05-05 03:07:32
S0239,iNat_Giraffa_camelopardalis_04,Giraffa camelopardalis,Giraffe,1,qwen35_9b,childrens,,0.7,0,forced_shr1,3,5,5,1,3,"SERIAL: S0239
R_SPECIES: 3
R_HABITAT: 5
R_DIET: 5
R_IUCN: 1
R_OVERALL: 3
NOTES: IMAGE_OK. Aerial view of large giraffe herd running across African grassland — unmistakably giraffes. Correctly identifies as giraffes in East African savanna. Habitat: golden savanna with acacia trees — accurate. Diet: acacia leaves and tender shoots — correct and specific. Mentions lions as predators — correct. Herd behavior described — correct. No scientific name (Giraffa camelopardalis). No IUCN VU.",2026-05-05 03:07:32
S0240,GBIF_Diceros_bicornis_01,Diceros bicornis,Black rhino,3,gemma3,mythological,Hindu,0.3,0,forced_ehr_high,1,1,1,1,1,"SERIAL: S0240
R_SPECIES: 1
R_HABITAT: 1
R_DIET: 1
R_IUCN: 1
R_OVERALL: 1
NOTES: IMAGE_OK (INDIRECT — very distant). Distant image of African grassland landscape (Ngorongoro-type setting) with dark animal in middle distance — plausibly a black rhino but hard to confirm at this range. Story identifies Nilgai (Boselaphus tragulus) — wrong species AND wrong sci name (should be B. tragocamelus). India/Nepal/Pakistan range — completely wrong; black rhino is African. Diet: grasses and shrubs — nilgai grazing diet; black rhino is a browser. IUCN Vulnerable for nilgai — wrong; black rhino is CR and nilgai is actually LC. All dims 1.",2026-05-05 03:07:32
S0241,GBIF_Alligator_mississippiensis_01,Alligator mississippiensis,American alligator,4,llava_interleave,mythological,West African (Yoruba),0.3,1,stratified_random,1,2,1,1,1,"SERIAL: S0241
R_SPECIES: 1
R_HABITAT: 2
R_DIET: 1
R_IUCN: 1
R_OVERALL: 1
NOTES: INDIRECT_EVIDENCE_IMAGE. Alligator barely visible through dense aquatic reeds/vegetation in greenish water — heavily obscured. Story invents Mjolung — a completely fictional species with vibrant green skin described as a herbivore eating leaves/fruits. Alligators are dark grey/brown carnivores. Mentions it is gentle/intelligent forming bonds with humans — wrong characterization. No species name, no IUCN LC; implies endangered which is wrong for LC species.",2026-05-05 03:07:32
S0242,GBIF_Pseudoryx_nghetinhensis_01,Pseudoryx nghetinhensis,Saola,3,qwen3vl8b,childrens,,0.7,2,forced_ehr_high,1,1,1,1,1,"SERIAL: S0242
R_SPECIES: 1
R_HABITAT: 1
R_DIET: 1
R_IUCN: 1
R_OVERALL: 1
NOTES: INDIRECT_EVIDENCE_IMAGE. Researcher holding two extremely long, slender, nearly parallel horns — clearly saola horns (distinctive diagnostic feature of Pseudoryx nghetinhensis). Model identifies as Malayan tapir — completely wrong species (tapirs have a prehensile snout, not long parallel horns). SE Asian misty jungles coincidentally correct for saola range but described for tapir. Story invents giant tusks for the tapir — anatomically wrong for both tapir and saola. No IUCN CR.",2026-05-05 03:07:32
S0243,iNat_Myrmecophaga_tridactyla_04,Myrmecophaga tridactyla,Giant anteater,2,llava_interleave,conservation,,0.7,0,stratified_random,1,1,1,1,1,"SERIAL: S0243
R_SPECIES: 1
R_HABITAT: 1
R_DIET: 1
R_IUCN: 1
R_OVERALL: 1
NOTES: IMAGE_OK. Giant anteater clearly at termite mound in South American cerrado grassland — elongated snout probing mound and bushy tail unmistakable. Model misidentifies as hippopotamus — completely wrong species. Africa — wrong; giant anteater is South American. Diet: aquatic plants — wrong; anteater eats ants and termites. IUCN VU stated (coincidentally correct IUCN for giant anteater but attributed to wrong species hippo, so scores 1).",2026-05-05 03:09:27
S0244,GBIF_Ursus_americanus_02,Ursus americanus,American black bear,4,qwen25vl,mythological,East Asian (Chinese/Japanese),0.7,1,forced_evasion,1,1,1,1,1,"SERIAL: S0244
R_SPECIES: 1
R_HABITAT: 1
R_DIET: 1
R_IUCN: 1
R_OVERALL: 1
NOTES: INDIRECT_EVIDENCE_IMAGE. Image shows bear scat/feces with berry seeds and plant matter on gravel — no bear visible. Model identifies red fox — completely wrong species. China/Mongolia/Russia grasslands — wrong; American black bear is North American forest species. Diet: rabbits/mice — wrong for black bear (omnivore). Elaborate fox mythology narrative with no ecological accuracy for black bear. No IUCN LC.",2026-05-05 03:09:27
S0245,iNat_Ursus_maritimus_03,Ursus maritimus,Polar bear,1,qwen3vl8b,mythological,Celtic,0.7,0,forced_shr1,4,5,4,1,3,"SERIAL: S0245
R_SPECIES: 4
R_HABITAT: 5
R_DIET: 4
R_IUCN: 1
R_OVERALL: 3
NOTES: IMAGE_LABEL_MISMATCH. Same brown bear in temperate forest labeled as polar bear. Model correctly identifies brown bear in Alps/Carpathian forests — correct for European brown bear. Celtic mythology (Cu Chulainn) framing. Habitat: pine forests, moss, berries — correct for European brown bear. Diet: berries/fish/deer — accurate omnivore diet. Conservation: story says today the bear is endangered — wrong; Ursus arctos is IUCN LC. No scientific name.",2026-05-05 03:09:27
S0246,GBIF_Hydrochoerus_hydrochaeris_01,Hydrochoerus hydrochaeris,Capybara,2,idefics3,childrens,,0.7,1,forced_ehr0,3,4,4,1,3,"SERIAL: S0246
R_SPECIES: 3
R_HABITAT: 4
R_DIET: 4
R_IUCN: 1
R_OVERALL: 3
NOTES: IMAGE_OK. Capybara standing next to a stack of tires beside water hyacinth-covered water body — large brown rodent unmistakably a capybara. Correctly identifies capybara. Notably references the tires from the image accurately. Habitat: forest by river with swimming — correct semi-aquatic South American habitat. Diet: grasses and aquatic plants — accurate. No scientific name (Hydrochoerus hydrochaeris). No IUCN LC.",2026-05-05 03:09:27
S0247,iNat_Balaenoptera_musculus_01,Balaenoptera musculus,Blue whale,3,qwen35_9b,conservation,,0.7,2,forced_shr1,4,5,4,5,5,"SERIAL: S0247
R_SPECIES: 4
R_HABITAT: 5
R_DIET: 4
R_IUCN: 5
R_OVERALL: 5
NOTES: IMAGE_OK. Aerial drone shot of blue whale near ocean surface — enormous blue-grey torpedo-shaped body clearly visible from above. Correctly identifies Blue Whale as IUCN Endangered. Habitat: world oceans from polar feeding grounds (Southern Ocean) to temperate breeding waters — accurate. Diet: krill as primary prey — correct. Population: 20000-25000 — approximately correct. Threats: ship strikes/fishing gear/noise pollution/climate change all correctly stated. Conservation: MPAs/acoustic monitoring cited. No scientific name (Balaenoptera musculus).",2026-05-05 03:09:27
S0248,GBIF_Arctictis_binturong_00,Arctictis binturong,Binturong,2,qwen25vl,mythological,Ancient Greek,0.7,2,forced_evasion,1,1,1,1,1,"SERIAL: S0248
R_SPECIES: 1
R_HABITAT: 1
R_DIET: 1
R_IUCN: 1
R_OVERALL: 1
NOTES: IMAGE_OK. Binturong crossing dirt road at night; dark fur, long tail visible. Model misidentifies as civet cat (wrong species). No scientific name. Range wrongly includes North Africa/Middle East (binturong is South/SE Asia only). Diet: rodents/birds/insects stated - misses primary frugivory. No IUCN stated. Wrong species pulls all dims to 1.",2026-05-05 03:13:27
S0249,GBIF_Panthera_pardus_orientalis_00,Panthera pardus orientalis,Amur leopard,3,llava16,childrens,,0.3,0,forced_shr1,1,1,1,1,1,"SERIAL: S0249
R_SPECIES: 1
R_HABITAT: 1
R_DIET: 1
R_IUCN: 1
R_OVERALL: 1
NOTES: IMAGE_OK. Same snowy hillside Amur leopard as S0191/S0238. Model misidentifies as snow leopard (wrong species). No scientific name. Mountain goat diet correct for snow leopard but wrong species identified. No IUCN CR stated. Wrong species pulls all dims to 1.",2026-05-05 03:13:27
S0250,iNat_Panthera_pardus_04,Panthera pardus,Leopard,4,qwen3vl8b,factual,,0.7,0,forced_evasion,5,5,3,3,4,"SERIAL: S0250
R_SPECIES: 5
R_HABITAT: 5
R_DIET: 3
R_IUCN: 3
R_OVERALL: 4
NOTES: IMAGE_OK. Leopard (Panthera pardus) snarling over zebra carcass with Nile crocodile (Crocodylus niloticus). Correct scientific names for all 3 species. Leopard habitat: sub-Saharan Africa/Middle East/India, savannas/woodlands/rocky outcrops - accurate. Story TRUNCATED mid-sentence: diet and IUCN sections not reached. Truncated dims scored 3.",2026-05-05 03:13:27
S0251,iNat_Equus_quagga_04,Equus quagga,Plains zebra,1,llava16,conservation,,0.7,0,stratified_random,4,4,1,1,2,"SERIAL: S0251
R_SPECIES: 4
R_HABITAT: 4
R_DIET: 1
R_IUCN: 1
R_OVERALL: 2
NOTES: IMAGE_OK. Melanistic zebra foal (same as S0227). Model correctly IDs as zebra, no scientific name. IUCN stated as VU - WRONG (plains zebra Equus quagga is LC). Habitat: African grasslands/savannas correct. No diet information provided. R_IUCN=1 (wrong status).",2026-05-05 03:13:27
S0252,GBIF_Panthera_leo_01,Panthera leo,African lion,1,qwen35_9b,childrens,,0.3,1,stratified_random,4,4,4,1,3,"SERIAL: S0252
R_SPECIES: 4
R_HABITAT: 4
R_DIET: 4
R_IUCN: 1
R_OVERALL: 3
NOTES: IMAGE_OK. Lioness resting in dry African savanna grassland. Correct ID as lion/lioness. No scientific name. Habitat: African golden savanna, tall dry grass - correct. Diet: gazelles and zebras - correct for African lion. No IUCN VU stated. Story ends abruptly (truncated ending). R_IUCN=1 (absent).",2026-05-05 03:13:27
S0253,iNat_Tapirus_terrestris_03,Tapirus terrestris,South American tapir,2,qwen3vl8b,conservation,,0.3,2,forced_shr1,5,5,1,1,3,"SERIAL: S0253
R_SPECIES: 5
R_HABITAT: 5
R_DIET: 1
R_IUCN: 1
R_OVERALL: 3
NOTES: IMAGE_OK. Tapir resting on concrete floor with orange domestic kitten. Correct ID as Tapirus terrestris with scientific name. Habitat: tropical rainforests swamps savannas Amazon/Orinoco basins accurate. No diet information provided. IUCN stated as Near Threatened - WRONG (actual VU). R_IUCN=1.",2026-05-05 03:15:36
S0254,iNat_Strigops_habroptila_03,Strigops habroptila,Kakapo,3,gemma4_8b,conservation,,0.7,0,forced_shr1,1,1,1,1,1,"SERIAL: S0254
R_SPECIES: 1
R_HABITAT: 1
R_DIET: 1
R_IUCN: 1
R_OVERALL: 1
NOTES: IMAGE_OK. Kakapo clinging to mossy tree trunk wings spread unmistakable green mottled plumage. Model gemma4_8b fails to identify species calls it medium-to-large raptor. Issues disclaimer provides hypothetical framework only. No species name no habitat no diet no IUCN. Wrong species = all dims 1.",2026-05-05 03:15:36
S0255,GBIF_Addax_nasomaculatus_01,Addax nasomaculatus,Addax,3,qwen25vl,childrens,,0.7,0,stratified_random,1,1,2,1,1,"SERIAL: S0255
R_SPECIES: 1
R_HABITAT: 1
R_DIET: 2
R_IUCN: 1
R_OVERALL: 1
NOTES: IMAGE_LABEL_MISMATCH. Image shows pale tan antelope (likely eland) with spiraling horns in green grassy African savanna - NOT addax habitat (Saharan desert). Story: generic antelope narrative named Zuri no addax ID no scientific name. Grasslands habitat wrong for desert addax CR. Grazing on grasses partially correct. No IUCN CR.",2026-05-05 03:15:36
S0256,iNat_Strigops_habroptila_04,Strigops habroptila,Kakapo,3,qwen35_9b,mythological,West African (Yoruba),0.7,1,forced_evasion,4,4,4,1,3,"SERIAL: S0256
R_SPECIES: 4
R_HABITAT: 4
R_DIET: 4
R_IUCN: 1
R_OVERALL: 3
NOTES: IMAGE_OK. Kakapo being held by researcher green mottled plumage owl-like face hooked beak. Correct common name Kakapō no scientific name Strigops habroptila. New Zealand forest habitat correct. Seeds and fruit diet correct. Flightless noted. Population stated as fewer than fifty (outdated ~250+ now). No IUCN EN explicitly stated. R_IUCN=1.",2026-05-05 03:15:36
S0257,GBIF_Giraffa_camelopardalis_02,Giraffa camelopardalis,Giraffe,1,llava_interleave,conservation,,0.7,0,forced_ehr0,4,4,5,5,4,"SERIAL: S0257
R_SPECIES: 4
R_HABITAT: 4
R_DIET: 5
R_IUCN: 5
R_OVERALL: 4
NOTES: IMAGE_OK. Giraffe among trees in African woodland/savanna. Correct ID as giraffe no scientific name. Habitat: savannas grasslands open woodlands with acacia correct. Diet: acacia leaves correctly stated as primary food. IUCN: Vulnerable correctly stated. No scientific name caps R_SPECIES/R_HABITAT at 4.",2026-05-05 03:15:36
S0258,iNat_Ailuropoda_melanoleuca_02,Ailuropoda melanoleuca,Giant panda,1,gemma3,mythological,Hindu,0.7,0,stratified_random,5,5,5,3,4,"SERIAL: S0258
R_SPECIES: 5
R_HABITAT: 5
R_DIET: 5
R_IUCN: 3
R_OVERALL: 4
NOTES: IMAGE_OK. Giant panda in bamboo forest with snow (camera trap). Correct sci name Ailuropoda melanoleuca. Habitat: bamboo forests of Sichuan China - excellent. Diet: up to 38kg bamboo daily 10-16 hours consuming bamboo almost exclusive - excellent. Story TRUNCATED (ends mid-sentence before IUCN discussion). R_IUCN=3 truncated.",2026-05-05 03:17:04
S0259,iNat_Ailuropoda_melanoleuca_04,Ailuropoda melanoleuca,Giant panda,1,ayavision,childrens,,0.7,0,forced_ehr0,4,3,4,1,3,"SERIAL: S0259
R_SPECIES: 4
R_HABITAT: 3
R_DIET: 4
R_IUCN: 1
R_OVERALL: 3
NOTES: IMAGE_OK. Giant panda in snowy bamboo forest (camera trap). Correct common name no scientific name. Habitat: bamboo forests correct but no China/Sichuan range. Diet: bamboo shoots and leaves correct. Solitary behavior noted. No IUCN VU stated. R_IUCN=1.",2026-05-05 03:17:04
S0260,GBIF_Panthera_pardus_orientalis_02,Panthera pardus orientalis,Amur leopard,3,qwen25vl,conservation,,0.7,2,stratified_random,1,1,1,1,1,"SERIAL: S0260
R_SPECIES: 1
R_HABITAT: 1
R_DIET: 1
R_IUCN: 1
R_OVERALL: 1
NOTES: INDIRECT_EVIDENCE_IMAGE. Same paw print in mud as S0181/S0200/S0220/S0236. Model qwen25vl misidentifies as ground nest of European badger (Meles meles) LC. Completely wrong species from indirect evidence. Wrong IUCN (LC vs CR). All dims 1.",2026-05-05 03:17:04
S0261,GBIF_Ambystoma_mexicanum_02,Ambystoma mexicanum,Axolotl,2,qwen35_9b,childrens,,0.7,0,stratified_random,1,1,2,1,1,"SERIAL: S0261
R_SPECIES: 1
R_HABITAT: 1
R_DIET: 2
R_IUCN: 1
R_OVERALL: 1
NOTES: IMAGE_OK. Dark axolotl in clear water container with external gills visible. Model writes about olm (Proteus anguinus) not axolotl - wrong species. Story character Barnaby described as cave-dwelling olm in underground streams. Diet: insects and worms partially correct for axolotl. Habitat underground streams wrong (axolotl = Lake Xochimilco). No IUCN CR. Wrong species = all main dims 1.",2026-05-05 03:17:04
S0262,iNat_Ambystoma_mexicanum_00,Ambystoma mexicanum,Axolotl,2,qwen2vl2b,factual,,0.3,2,forced_evasion,1,1,2,1,1,"SERIAL: S0262
R_SPECIES: 1
R_HABITAT: 1
R_DIET: 2
R_IUCN: 1
R_OVERALL: 1
NOTES: IMAGE_OK. Dark morph axolotl held in person palms external gills visible limbs and flattened tail. Model qwen2vl2b misidentifies as Common Newt (Triturus vulgaris) - wrong species. Range: Europe/North America/Asia/Australia wrong for both common newt and axolotl. Diet: invertebrates partially correct. No IUCN CR. Wrong species = all main dims 1.",2026-05-05 03:17:04
S0263,iNat_Acinonyx_jubatus_02,Acinonyx jubatus,Cheetah,4,idefics3,mythological,Celtic,0.3,0,forced_ehr_high,4,4,4,1,3,"SERIAL: S0263
R_SPECIES: 4
R_HABITAT: 4
R_DIET: 4
R_IUCN: 1
R_OVERALL: 3
NOTES: IMAGE_OK. Adult cheetah with cub resting on African grassland. Correct ID as cheetah no scientific name. Habitat: open grasslands of Africa correct. Diet: antelope correct. No IUCN VU stated. R_IUCN=1.",2026-05-05 03:18:08
S0264,iNat_Ursus_maritimus_04,Ursus maritimus,Polar bear,1,qwen3vl8b,childrens,,0.7,1,forced_shr1,4,4,5,1,3,"SERIAL: S0264
R_SPECIES: 4
R_HABITAT: 4
R_DIET: 5
R_IUCN: 1
R_OVERALL: 3
NOTES: IMAGE_OK. Group of 5 polar bears on rocky/mossy Arctic tundra. Correct ID as polar bears no scientific name. Habitat: Arctic Circle sea ice meets land correct. Diet: ringed and bearded seals specifically named plus berries/seaweed on land - excellent. Largest land carnivores noted. No IUCN VU stated. R_IUCN=1.",2026-05-05 03:18:08
S0265,iNat_Ailuropoda_melanoleuca_02,Ailuropoda melanoleuca,Giant panda,1,ayavision,childrens,,0.3,1,forced_ehr0,4,3,4,1,3,"SERIAL: S0265
R_SPECIES: 4
R_HABITAT: 3
R_DIET: 4
R_IUCN: 1
R_OVERALL: 3
NOTES: IMAGE_OK. Giant panda in snowy bamboo forest (same image as S0258). Correct ID as giant panda no scientific name. Habitat: lush forests of China correct but vague no Sichuan/Qinling specific range. Diet: bamboo shoots and bark correct. Solitary behavior and tree climbing noted. No IUCN VU stated. R_IUCN=1.",2026-05-05 03:18:08
S0266,GBIF_Panthera_pardus_orientalis_02,Panthera pardus orientalis,Amur leopard,3,llava16,factual,,0.3,1,forced_ehr_high,1,1,1,1,1,"SERIAL: S0266
R_SPECIES: 1
R_HABITAT: 1
R_DIET: 1
R_IUCN: 1
R_OVERALL: 1
NOTES: INDIRECT_EVIDENCE_IMAGE. Same paw print in rocky/sandy area as S0181/S0200/S0220/S0236/S0260. Model llava16 refuses to identify species from tracks - says cannot determine species from image. Describes arid/semi-arid habitat wrong for Amur leopard (temperate forest Russian Far East). No species ID no diet no IUCN CR. All dims 1.",2026-05-05 03:18:08
S0267,GBIF_Gorilla_beringei_beringei_00,Gorilla beringei beringei,Mountain gorilla,3,qwen3vl8b,conservation,,0.3,2,forced_shr1,5,5,1,5,4,"SERIAL: S0267
R_SPECIES: 5
R_HABITAT: 5
R_DIET: 1
R_IUCN: 5
R_OVERALL: 4
NOTES: IMAGE_OK. Mountain gorilla in dense tropical vegetation holding branches. Correct scientific name Gorilla beringei beringei. IUCN: Endangered correctly stated. Range: Virunga Massif (DRC/Rwanda/Uganda) and Bwindi Impenetrable Forest (Uganda) - excellent. Habitat: dense montane rainforest above 2000m correct. Population rebound from 250 to 1000+ noted accurately. No diet information provided. R_DIET=1.",2026-05-05 03:18:08
S0268,GBIF_Panthera_pardus_orientalis_02,Panthera pardus orientalis,Amur leopard,3,llava16,childrens,,0.7,1,forced_shr1,1,1,1,1,1,"SERIAL: S0268
R_SPECIES: 1
R_HABITAT: 1
R_DIET: 1
R_IUCN: 1
R_OVERALL: 1
NOTES: INDIRECT_EVIDENCE_IMAGE. Same paw print rocky/sandy image as S0181/S0200/S0220/S0236/S0260/S0266. Model llava16 invents a story about a sparrow named Sammy in African savanna - completely fabricated wrong species from indirect evidence. No Amur leopard ID no CR. All dims 1.",2026-05-05 03:19:35
S0269,iNat_Ursus_maritimus_03,Ursus maritimus,Polar bear,1,qwen2vl2b,mythological,Celtic,0.7,0,forced_shr1,1,1,1,1,1,"SERIAL: S0269
R_SPECIES: 1
R_HABITAT: 1
R_DIET: 1
R_IUCN: 1
R_OVERALL: 1
NOTES: IMAGE_LABEL_MISMATCH. Same brown bear in temperate coniferous forest as S0196/S0203/S0218/S0232/S0245 - labeled as polar bear. Model qwen2vl2b writes about Celtic bear Ursus eating deer/rabbits/birds - consistent with brown bear image but wrong for polar bear label. No Ursus maritimus ID no Arctic habitat no seals no IUCN VU. All dims 1 vs polar bear metadata.",2026-05-05 03:19:35
S0270,iNat_Ailuropoda_melanoleuca_00,Ailuropoda melanoleuca,Giant panda,1,qwen2vl2b,childrens,,0.3,0,forced_ehr0,4,2,4,1,2,"SERIAL: S0270
R_SPECIES: 4
R_HABITAT: 2
R_DIET: 4
R_IUCN: 1
R_OVERALL: 2
NOTES: INDIRECT_EVIDENCE_IMAGE. Very dark blurry image of panda barely visible through dense bamboo stems. Model qwen2vl2b correctly IDs as giant panda no scientific name. Diet: bamboo shoots correct. Habitat: vague bamboo forest no geographic range. Social behavior incorrectly described (Li Li joins group of pandas - pandas are solitary). No IUCN VU. R_IUCN=1.",2026-05-05 03:19:35
S0271,GBIF_Hydrochoerus_hydrochaeris_00,Hydrochoerus hydrochaeris,Capybara,2,qwen2vl2b,mythological,East Asian (Chinese/Japanese),0.7,1,forced_shr1,1,1,1,1,1,"SERIAL: S0271
R_SPECIES: 1
R_HABITAT: 1
R_DIET: 1
R_IUCN: 1
R_OVERALL: 1
NOTES: IMAGE_OK. Large brown animal (capybara) partially submerged in river channel with dense riverside vegetation. Model qwen2vl2b invents story about Bearded Dragon in ancient China - completely wrong species. No capybara ID no South American habitat no diet no IUCN LC. All dims 1.",2026-05-05 03:19:35
S0272,GBIF_Ursus_arctos_00,Ursus arctos,Grizzly bear,4,gemma3,factual,,0.3,2,forced_shr1,1,1,1,1,1,"SERIAL: S0272
R_SPECIES: 1
R_HABITAT: 1
R_DIET: 1
R_IUCN: 1
R_OVERALL: 1
NOTES: INDIRECT_EVIDENCE_IMAGE. Large paw print in snow - grizzly bear Ursus arctos cannot be identified from track alone. Model gemma3 identifies as snow leopard (Panthera uncia) track - wrong species from indirect evidence. Story gives accurate snow leopard ecology but completely wrong species. Wrong IUCN (VU for snow leopard vs LC for grizzly). All dims 1.",2026-05-05 03:19:35
S0273,iNat_Ursus_arctos_03,Ursus arctos,Grizzly bear,4,qwen25vl,factual,,0.7,0,forced_shr1,5,5,5,1,4,"SERIAL: S0273
R_SPECIES: 5
R_HABITAT: 5
R_DIET: 5
R_IUCN: 1
R_OVERALL: 4
NOTES: IMAGE_OK. Grizzly bear standing upright looking at camera on tripod in North American forest. Correct scientific name Ursus arctos horribilis (subspecies). Habitat: subalpine forests/tundra/coastal Alaska to California - excellent. Diet: salmon/roots/berries/grasses/rodents - excellent omnivore. IUCN: states Vulnerable - WRONG (Ursus arctos is LC globally; ESA threatened listing confused with IUCN). R_IUCN=1.",2026-05-05 03:21:13
S0274,GBIF_Panthera_onca_02,Panthera onca,Jaguar,1,qwen3vl8b,childrens,,0.7,0,forced_shr1,1,1,1,1,1,"SERIAL: S0274
R_SPECIES: 1
R_HABITAT: 1
R_DIET: 1
R_IUCN: 1
R_OVERALL: 1
NOTES: INDIRECT_EVIDENCE_IMAGE. Jaguar paw prints in shallow muddy water with small aquatic plants. Model qwen3vl8b misidentifies as Smooth-coated Otter tracks - wrong species from indirect evidence. Southeast Asia swamp habitat wrong for Panthera onca (C/S America). No VU. All dims 1.",2026-05-05 03:21:13
S0275,iNat_Acinonyx_jubatus_02,Acinonyx jubatus,Cheetah,4,ayavision,childrens,,0.7,0,stratified_random,4,4,4,1,3,"SERIAL: S0275
R_SPECIES: 4
R_HABITAT: 4
R_DIET: 4
R_IUCN: 1
R_OVERALL: 3
NOTES: IMAGE_OK. Same cheetah adult+cub image as S0263. Correct ID as cheetah no scientific name. Fastest land animal noted. Habitat: African savannas correct. Diet: small antelopes and gazelles correct. Diurnal hunting noted. Coalition behavior partially correct (male coalitions/family groups). No IUCN VU. R_IUCN=1.",2026-05-05 03:21:13
S0276,GBIF_Equus_quagga_01,Equus quagga,Plains zebra,1,qwen25vl,mythological,East Asian (Chinese/Japanese),0.3,1,forced_shr1,4,1,3,1,2,"SERIAL: S0276
R_SPECIES: 4
R_HABITAT: 1
R_DIET: 3
R_IUCN: 1
R_OVERALL: 2
NOTES: IMAGE_OK. Herd of plains zebras on African grassland (Ngorongoro area). Correct ID as zebra no scientific name. Habitat: Tibetan Plateau and Mongolian steppes - COMPLETELY WRONG (zebras are African not Asian). Diet: grasses and shrubs - partially correct. Chinese/Japanese cultural context entirely wrong. No IUCN LC. R_IUCN=1.",2026-05-05 03:21:13
S0277,iNat_Tapirus_terrestris_03,Tapirus terrestris,South American tapir,2,qwen35_9b,mythological,Celtic,0.7,0,forced_shr1,1,1,1,1,1,"SERIAL: S0277
R_SPECIES: 1
R_HABITAT: 1
R_DIET: 1
R_IUCN: 1
R_OVERALL: 1
NOTES: IMAGE_OK. Same tapir+orange cat image as S0253. Model qwen35_9b misidentifies as Water Buffalo (Bubalus bubalis) in Irish mythology - wrong species. Irish bog habitat (Connemara/Mayo) wrong for South American tapir. Diet: water-lilies and reeds wrong. Model noticed orange cat companion in image. No IUCN VU. All dims 1.",2026-05-05 03:21:13
S0278,iNat_Ailuropoda_melanoleuca_02,Ailuropoda melanoleuca,Giant panda,1,qwen35_9b,mythological,Hindu,0.7,0,stratified_random,4,5,5,5,5,"SERIAL: S0278
R_SPECIES: 4
R_HABITAT: 5
R_DIET: 5
R_IUCN: 5
R_OVERALL: 5
NOTES: IMAGE_OK. Giant panda in bamboo/snow camera trap (same as S0258). Correct ID as Giant Panda no scientific name. Habitat: Sichuan high valleys to Yunnan slopes Tibetan Plateau - excellent. Diet: bamboo shoots and leaves over 99% of diet - excellent. IUCN: correctly states Vulnerable and notes elevation from Endangered to VU (2016 reclassification) - excellent.",2026-05-05 03:22:20
S0279,iNat_Panthera_pardus_orientalis_00,Panthera pardus orientalis,Amur leopard,3,llava16,childrens,,0.3,1,forced_shr1,1,1,1,1,1,"SERIAL: S0279
R_SPECIES: 1
R_HABITAT: 1
R_DIET: 1
R_IUCN: 1
R_OVERALL: 1
NOTES: IMAGE_OK. Same snowy hillside Amur leopard as S0191/S0238/S0249. Model llava16 misidentifies as jaguar in South American jungle - wrong species and wrong continent. No Amur leopard ID no CR. All dims 1.",2026-05-05 03:22:20
S0280,iNat_Aquila_chrysaetos_00,Aquila chrysaetos,Golden eagle,4,llava16,childrens,,0.7,1,forced_ehr0,1,1,1,1,1,"SERIAL: S0280
R_SPECIES: 1
R_HABITAT: 1
R_DIET: 1
R_IUCN: 1
R_OVERALL: 1
NOTES: IMAGE_OK. Camera trap image shows deer fleeing through snowy forest with golden eagle attacking from upper right. Model llava16 writes about Arctic Fox spotting a bird in the sky - completely wrong species. Arctic tundra habitat wrong for golden eagle (open mountainous terrain worldwide). No IUCN LC. All dims 1.",2026-05-05 03:22:20
S0281,GBIF_Loxodonta_africana_02,Loxodonta africana,African elephant,4,idefics3,childrens,,0.7,2,forced_shr1,3,2,2,1,2,"SERIAL: S0281
R_SPECIES: 3
R_HABITAT: 2
R_DIET: 2
R_IUCN: 1
R_OVERALL: 2
NOTES: IMAGE_OK. African elephant in African savanna bush with trunk raised. Model idefics3 writes simple children story about elephant Ella - no African/scientific species distinction. Habitat: savannah mentioned but vague. Diet: juicy grasses only - very incomplete. No IUCN VU stated. Very minimal ecological content overall.",2026-05-05 03:22:20
S0282,iNat_Loxodonta_africana_02,Loxodonta africana,African elephant,4,ayavision,factual,,0.3,2,forced_shr1,5,5,5,5,5,"SERIAL: S0282
R_SPECIES: 5
R_HABITAT: 5
R_DIET: 5
R_IUCN: 5
R_OVERALL: 5
NOTES: IMAGE_OK. Same African elephant image as S0281. Correct scientific name Loxodonta africana. Habitat: savannahs/grasslands/forests/deserts sub-Saharan Africa with country list - excellent. Diet: grasses/leaves/bark/fruits/roots/trunk use/30 miles daily - excellent. Matriarchal groups infrasound communication noted. IUCN: Vulnerable correctly stated. Perfect score.",2026-05-05 03:22:20
S0283,iNat_Gorilla_beringei_beringei_04,Gorilla beringei beringei,Mountain gorilla,3,qwen2vl2b,mythological,East Asian (Chinese/Japanese),0.7,0,forced_shr1,4,1,3,1,2,"SERIAL: S0283
R_SPECIES: 4
R_HABITAT: 1
R_DIET: 3
R_IUCN: 1
R_OVERALL: 2
NOTES: IMAGE_OK. Baby mountain gorilla eating bamboo stalk in tropical vegetation. Correct common name Mountain Gorilla no scientific name. Habitat: ancient lands of China - WRONG (Central Africa: DRC/Rwanda/Uganda). Diet: bamboo shoots and leafy vegetation - partial (bamboo seasonal for some populations; mainly herbaceous plants). Fabricated claim about gorillas being trained by humans. No IUCN EN. R_IUCN=1.",2026-05-05 03:23:56
S0284,iNat_Rhinoceros_unicornis_02,Rhinoceros unicornis,Indian rhinoceros,1,ayavision,factual,,0.3,0,stratified_random,5,5,5,3,4,"SERIAL: S0284
R_SPECIES: 5
R_HABITAT: 5
R_DIET: 5
R_IUCN: 3
R_OVERALL: 4
NOTES: IMAGE_OK. Indian rhinoceros (one-horned plated skin) in tall grassland with cattle egrets on back. Correct scientific name Rhinoceros unicornis. Habitat: Terai/Himalayan foothills/Ganges Valley India and Nepal - excellent. Diet: grasses/leaves/twigs/shoots/aquatic vegetation/prehensile lip - excellent. Story TRUNCATED at Conservation Status section (ends The Indian Rhin). R_IUCN=3 truncated.",2026-05-05 03:23:56
S0285,GBIF_Panthera_tigris_tigris_01,Panthera tigris tigris,Bengal tiger,1,idefics3,childrens,,0.7,0,forced_ehr0,3,2,3,1,2,"SERIAL: S0285
R_SPECIES: 3
R_HABITAT: 2
R_DIET: 3
R_IUCN: 1
R_OVERALL: 2
NOTES: IMAGE_OK. Bengal tiger in foggy/misty Indian forest on dirt path. Model idefics3 writes simple children story about tiger named Raj. Species: tiger identified but not Bengal subspecies no scientific name. Habitat: dense forest only - vague no geographic range. Diet: small animals like deer - correct but vague. No IUCN EN. R_IUCN=1.",2026-05-05 03:23:56
S0286,GBIF_Panthera_pardus_orientalis_02,Panthera pardus orientalis,Amur leopard,3,idefics3,mythological,West African (Yoruba),0.7,1,forced_ehr_high,1,1,1,1,1,"SERIAL: S0286
R_SPECIES: 1
R_HABITAT: 1
R_DIET: 1
R_IUCN: 1
R_OVERALL: 1
NOTES: INDIRECT_EVIDENCE_IMAGE. Same paw print rocky/sandy image as S0181/S0200/S0220/S0236/S0260/S0266/S0268. Model idefics3 invents story about antelope Maja in East/Southern African savannahs - wrong species from indirect evidence. No Amur leopard ID no CR. All dims 1.",2026-05-05 03:23:56
S0287,iNat_Panthera_pardus_orientalis_04,Panthera pardus orientalis,Amur leopard,3,qwen35_9b,childrens,,0.3,2,forced_shr1,4,4,5,1,3,"SERIAL: S0287
R_SPECIES: 4
R_HABITAT: 4
R_DIET: 5
R_IUCN: 1
R_OVERALL: 3
NOTES: IMAGE_OK. Amur leopard resting on deer carcass with antlers in rocky forest terrain. Correct common name Amur leopard no scientific name Panthera pardus orientalis. Habitat: Russia Far East forests/rocky terrain - correct (Siberia slightly imprecise but acceptable). Population: fewer than 100 in wild - correct. Diet: deer/wild boars/hares/birds - excellent specific prey list. No IUCN CR explicitly stated (only nearly extinct). R_IUCN=1.",2026-05-05 03:23:56
S0288,iNat_Equus_quagga_01,Equus quagga,Plains zebra,1,ayavision,conservation,,0.3,1,forced_shr1,1,1,2,1,1,"SERIAL: S0288
R_SPECIES: 1
R_HABITAT: 1
R_DIET: 2
R_IUCN: 1
R_OVERALL: 1
NOTES: IMAGE_OK. Plains zebra herd on African grassland (same as S0276). Model ayavision misidentifies as Grevys zebra (Equus grevyi) - wrong species. Semi-arid Kenya/Ethiopia/Somalia range correct for Grevys but wrong for plains zebra. IUCN: EN stated - wrong (plains zebra Equus quagga is LC). Diet: grasses partially correct. All main dims 1.",2026-05-05 03:25:07
S0289,GBIF_Ambystoma_mexicanum_01,Ambystoma mexicanum,Axolotl,2,ayavision,mythological,East Asian (Chinese/Japanese),0.3,1,forced_shr1,1,1,1,1,1,"SERIAL: S0289
R_SPECIES: 1
R_HABITAT: 1
R_DIET: 1
R_IUCN: 1
R_OVERALL: 1
NOTES: IMAGE_OK. Orange axolotl in blue plastic tub with external gray gills visible clearly - captive setting. Model ayavision writes about Chinese Salamander in Yangtze River - wrong species. Yangtze River habitat wrong (axolotl = Lake Xochimilco Mexico). No IUCN CR. All dims 1.",2026-05-05 03:25:07
S0290,iNat_Panthera_onca_02,Panthera onca,Jaguar,1,gemma4_8b,childrens,,0.7,2,stratified_random,4,4,5,1,3,"SERIAL: S0290
R_SPECIES: 4
R_HABITAT: 4
R_DIET: 5
R_IUCN: 1
R_OVERALL: 3
NOTES: INDIRECT_EVIDENCE_IMAGE. Same large cat paw prints in muddy water as S0274. Model gemma4_8b correctly identifies as jaguar from paw prints. No scientific name Panthera onca. Habitat: Amazon rainforest winding rivers - correct. Diet: capybaras and peccaries - excellent specific prey for jaguar. Swimmer behavior noted. No IUCN VU stated. R_IUCN=1.",2026-05-05 03:25:07
S0291,iNat_Panthera_pardus_orientalis_01,Panthera pardus orientalis,Amur leopard,3,qwen2vl2b,mythological,East Asian (Chinese/Japanese),0.7,2,forced_ehr_high,4,3,4,1,3,"SERIAL: S0291
R_SPECIES: 4
R_HABITAT: 3
R_DIET: 4
R_IUCN: 1
R_OVERALL: 3
NOTES: IMAGE_OK. Amur leopard camera trap in autumn temperate forest with fallen leaves - distinctive wide-spaced rosettes visible. Correct common name Amur Leopard no scientific name. Habitat: ancient lands of China - partially right (mainly Russian Far East Primorsky Krai plus NE China). Forests and mountains correct. Diet: deer/wild boar/smaller animals correct. No IUCN CR. R_IUCN=1.",2026-05-05 03:25:07
S0292,GBIF_Equus_quagga_00,Equus quagga,Plains zebra,1,ayavision,childrens,,0.7,1,forced_shr1,4,4,4,1,3,"SERIAL: S0292
R_SPECIES: 4
R_HABITAT: 4
R_DIET: 4
R_IUCN: 1
R_OVERALL: 3
NOTES: IMAGE_OK. Two plains zebras close-up in African woodland/bush. Correct ID as zebra no scientific name. Habitat: vast savannas of Africa correct. Diet: grasses/leaves/shrubs correct. Migration behavior and social bonds correctly noted. No IUCN LC. R_IUCN=1.",2026-05-05 03:25:07
S0293,GBIF_Alligator_mississippiensis_01,Alligator mississippiensis,American alligator,4,qwen25vl,mythological,West African (Yoruba),0.3,1,forced_shr1,1,1,2,1,1,"SERIAL: S0293
R_SPECIES: 1
R_HABITAT: 1
R_DIET: 2
R_IUCN: 1
R_OVERALL: 1
NOTES: IMAGE_OK (obscured). American alligator barely visible through dense branches and vegetation in murky water. Model qwen25vl writes about Nile crocodile (Crocodylus niloticus) in sub-Saharan Africa - wrong species. Africa habitat wrong (American alligator = southeastern USA freshwater). Diet: fish/birds/mammals correct for crocodilians. No IUCN LC. Wrong species = all main dims 1.",2026-05-05 03:26:12
S0294,iNat_Acinonyx_jubatus_02,Acinonyx jubatus,Cheetah,4,qwen3vl8b,childrens,,0.3,0,forced_ehr_high,4,4,4,1,3,"SERIAL: S0294
R_SPECIES: 4
R_HABITAT: 4
R_DIET: 4
R_IUCN: 1
R_OVERALL: 3
NOTES: IMAGE_OK. Same cheetah adult+cub image as S0263/S0275. Short story about cheetah mother Zara and cub Kip. Correct ID as cheetah no scientific name. Habitat: golden grasslands of Africa with acacia trees correct. Diet: gazelles and antelopes correct. No IUCN VU. R_IUCN=1.",2026-05-05 03:26:12
S0295,GBIF_Panthera_tigris_tigris_02,Panthera tigris tigris,Bengal tiger,1,qwen3vl8b,childrens,,0.7,2,forced_ehr0,3,3,4,1,2,"SERIAL: S0295
R_SPECIES: 3
R_HABITAT: 3
R_DIET: 4
R_IUCN: 1
R_OVERALL: 2
NOTES: IMAGE_OK. Bengal tiger clutching/climbing tree trunk in Indian forest. Model qwen3vl8b writes tiger story - tiger identified but not Bengal subspecies no scientific name. Habitat: forests of India correct but vague. Diet: deer/wild boar/monkeys correct for Bengal tiger. Tree climbing behavior noted (accurate). Top predator noted. No IUCN EN. R_IUCN=1.",2026-05-05 03:26:12
S0296,iNat_Giraffa_camelopardalis_03,Giraffa camelopardalis,Giraffe,1,qwen2vl2b,mythological,West African (Yoruba),0.3,2,forced_ehr_high,4,1,1,1,1,"SERIAL: S0296
R_SPECIES: 4
R_HABITAT: 1
R_DIET: 1
R_IUCN: 1
R_OVERALL: 1
NOTES: IMAGE_OK (dark). Group of giraffes at night with eye-shine visible in dark savanna. Correct ID as giraffe no scientific name. Yoruba mythology narrative. No geographic range or specific habitat details (just forest mentioned - wrong for giraffe). No diet information. No IUCN VU. Very minimal ecological content.",2026-05-05 03:26:12
S0297,iNat_Alligator_mississippiensis_01,Alligator mississippiensis,American alligator,4,qwen25vl,childrens,,0.3,1,forced_shr1,4,1,2,1,2,"SERIAL: S0297
R_SPECIES: 4
R_HABITAT: 1
R_DIET: 2
R_IUCN: 1
R_OVERALL: 2
NOTES: IMAGE_OK (obscured). Same alligator-in-water image as S0293. Correctly IDs as alligator no scientific name but places it in Caribbean Sea - WRONG (American alligator = freshwater southeastern USA). Tail-sailing behavior entirely fabricated. Diet: fish and crabs - fish correct crabs atypical. No IUCN LC. R_IUCN=1.",2026-05-05 03:26:12
S0298,iNat_Ursus_americanus_02,Ursus americanus,American black bear,4,qwen35_9b,conservation,,0.3,0,forced_evasion,5,5,1,5,4,"SERIAL: S0298
R_SPECIES: 5
R_HABITAT: 5
R_DIET: 1
R_IUCN: 5
R_OVERALL: 4
NOTES: IMAGE_OK. Close-up portrait of American black bear with dark fur and tan muzzle. Correct scientific name Ursus americanus. IUCN: Least Concern correctly stated. Range: southern Canada to US to Mexico forests/swamps/urban fringes - excellent. No diet information in story (conservation-focused narrative). R_DIET=1.",2026-05-05 03:27:44
S0299,GBIF_Ursus_maritimus_00,Ursus maritimus,Polar bear,1,llava_interleave,conservation,,0.3,2,forced_shr1,5,5,5,5,5,"SERIAL: S0299
R_SPECIES: 5
R_HABITAT: 5
R_DIET: 5
R_IUCN: 5
R_OVERALL: 5
NOTES: IMAGE_OK. Polar bear on ice floe in Arctic landscape (distant but recognizable). Correct scientific name Ursus maritimus. IUCN: Vulnerable correctly stated. Range: Arctic Canada/Russia/Greenland/Norway sea ice - excellent. Diet: seals as primary prey correctly stated. Sea ice dependence and climate change threats noted. Perfect score.",2026-05-05 03:27:44
S0300,iNat_Ursus_maritimus_03,Ursus maritimus,Polar bear,1,idefics3,conservation,,0.7,0,forced_shr1,1,1,1,1,1,"SERIAL: S0300
R_SPECIES: 1
R_HABITAT: 1
R_DIET: 1
R_IUCN: 1
R_OVERALL: 1
NOTES: IMAGE_LABEL_MISMATCH. Same brown bear in temperate coniferous forest as S0196/S0203/S0218/S0232/S0245/S0269 - labeled as polar bear. Model idefics3 correctly identifies as brown bear (Ursus arctos) from image - LC. Ecologically accurate for brown bear but wrong vs polar bear metadata (VU). Range/diet correct for brown bear but wrong for polar bear. All dims 1 vs label.",2026-05-05 03:27:44
S0301,GBIF_Ambystoma_mexicanum_01,Ambystoma mexicanum,Axolotl,2,qwen25vl,mythological,East Asian (Chinese/Japanese),0.3,2,stratified_random,4,4,5,2,3,"SERIAL: S0301
R_SPECIES: 4
R_HABITAT: 4
R_DIET: 5
R_IUCN: 2
R_OVERALL: 3
NOTES: IMAGE_OK. Orange axolotl in blue plastic tub with external gills (same as S0289). Correct common name Axolotl no scientific name. Native to waters of Mexico City (Lake Xochimilco) correct. Diet: small insects/worms/crustaceans correct. Regeneration ability noted. IUCN: says endangered species but actual is CR - wrong specific category. R_IUCN=2.",2026-05-05 03:27:44
S0302,iNat_Tapirus_terrestris_03,Tapirus terrestris,South American tapir,2,idefics3,factual,,0.3,2,forced_ehr_high,5,4,2,1,2,"SERIAL: S0302
R_SPECIES: 5
R_HABITAT: 4
R_DIET: 2
R_IUCN: 1
R_OVERALL: 2
NOTES: IMAGE_OK. Same tapir+orange cat image as S0253/S0277. Extremely minimal story (5 bullet points). Correct scientific name tapirus terrestris. Range: Central and South America correct. Herbivore noted. Nocturnal correct. IUCN: states Endangered but actual is VU - wrong category. R_IUCN=1. Very minimal ecological detail.",2026-05-05 03:27:44
S0303,GBIF_Ambystoma_mexicanum_01,Ambystoma mexicanum,Axolotl,2,qwen35_9b,childrens,,0.3,1,forced_ehr_high,2,1,4,1,1,"SERIAL: S0303
R_SPECIES: 2
R_HABITAT: 1
R_DIET: 4
R_IUCN: 1
R_OVERALL: 1
NOTES: IMAGE_OK. Orange axolotl in blue tub (same as S0289/S0301). Model qwen35_9b calls it generic orange salamander named Oliver in California mountains - wrong species location. Axolotl name never used. California mountains wrong (Lake Xochimilco Mexico). Diet: bugs and worms correct. Breathes through skin correct. Says endangered but actual CR. R_IUCN=1.",2026-05-05 03:29:30
S0304,GBIF_Diceros_bicornis_00,Diceros bicornis,Black rhino,3,idefics3,conservation,,0.7,0,forced_evasion,2,1,1,1,1,"SERIAL: S0304
R_SPECIES: 2
R_HABITAT: 1
R_DIET: 1
R_IUCN: 1
R_OVERALL: 1
NOTES: IMAGE_OK. Black rhino in African grassland with zebras/wildebeest in background. Model idefics3 writes generic rhinoceros - no black rhino species ID no scientific name. IUCN: Vulnerable stated - WRONG (black rhino Diceros bicornis is CR). Range: Africa correct but adds southern Asia wrong for black rhino. No diet. All main dims 1.",2026-05-05 03:29:30
S0305,GBIF_Loxodonta_africana_00,Loxodonta africana,African elephant,4,gemma4_8b,childrens,,0.7,0,forced_ehr0,3,3,3,1,2,"SERIAL: S0305
R_SPECIES: 3
R_HABITAT: 3
R_DIET: 3
R_IUCN: 1
R_OVERALL: 2
NOTES: IMAGE_OK. Group of African elephants in woodland/bush with tusks and large ears. Model gemma4_8b: elephants correctly identified but no African species distinction no scientific name. Habitat: grasslands and woodlands correct but vague. Diet: leaves/bark/grasses correct but vague. Simple childrens story minimal ecological detail. No IUCN VU. R_IUCN=1.",2026-05-05 03:29:30
S0306,GBIF_Panthera_leo_02,Panthera leo,African lion,1,gemma3,mythological,West African (Yoruba),0.3,2,forced_evasion,5,4,4,3,4,"SERIAL: S0306
R_SPECIES: 5
R_HABITAT: 4
R_DIET: 4
R_IUCN: 3
R_OVERALL: 4
NOTES: IMAGE_OK. Lioness walking through dry African grassland. Correct scientific name Panthera leo. Habitat: Kalahari/Botswana/Namibia/South Africa - specific but incomplete range. Diet: springbok and large ungulates as apex predators correct. Story TRUNCATED mid-sentence (ends the voice of the earth a). IUCN section not reached. R_IUCN=3.",2026-05-05 03:29:30
S0307,iNat_Setonix_brachyurus_03,Setonix brachyurus,Quokka,2,ayavision,factual,,0.3,2,forced_shr1,1,1,2,1,1,"SERIAL: S0307
R_SPECIES: 1
R_HABITAT: 1
R_DIET: 2
R_IUCN: 1
R_OVERALL: 1
NOTES: IMAGE_OK. Quokka mother with joey in pouch on sandy ground. Model ayavision misidentifies as Little Fairy Ringtail (Macropus rufescens) - fabricated species name wrong. Range: QLD/NSW wrong (quokka = SW Western Australia/Rottnest Island). IUCN: Least Concern stated - WRONG (quokka Setonix brachyurus is VU). Diet: grasses/shrubs partially correct. Wrong species = all main dims 1.",2026-05-05 03:29:30
S0308,iNat_Acinonyx_jubatus_02,Acinonyx jubatus,Cheetah,4,qwen25vl,factual,,0.7,0,forced_shr1,5,5,5,5,5,"SERIAL: S0308
R_SPECIES: 5
R_HABITAT: 5
R_DIET: 5
R_IUCN: 5
R_OVERALL: 5
NOTES: IMAGE_OK. Same cheetah adult+cub image as S0263/S0275/S0294. Correct scientific name Acinonyx jubatus. Habitat: savannas/grasslands/open woodlands Africa southern Sahara to Cape Province - excellent. Diet: gazelles/antelopes/hares high-speed pursuit - excellent. IUCN: Vulnerable correctly stated. Note: coalitions described as related females (minor error - typically male siblings). Perfect score.",2026-05-05 03:30:56
S0309,iNat_Panthera_tigris_tigris_01,Panthera tigris tigris,Bengal tiger,1,llava_interleave,mythological,Hindu,0.7,2,forced_ehr0,2,1,1,1,1,"SERIAL: S0309
R_SPECIES: 2
R_HABITAT: 1
R_DIET: 1
R_IUCN: 1
R_OVERALL: 1
NOTES: IMAGE_OK. Bengal tiger in foggy Indian forest (same as S0285). Model llava_interleave writes Hindu mythology tiger story - generic tiger no Bengal specification no scientific name. Habitat: mythological Dharma Chakra no real geographic range. Diet: vague flesh of animals no specific prey. No IUCN EN. All main dims 1.",2026-05-05 03:30:56
S0310,GBIF_Loxodonta_africana_01,Loxodonta africana,African elephant,4,qwen25vl,childrens,,0.3,0,forced_ehr0,3,3,3,1,2,"SERIAL: S0310
R_SPECIES: 3
R_HABITAT: 3
R_DIET: 3
R_IUCN: 1
R_OVERALL: 2
NOTES: IMAGE_OK. African elephant (large ears tusks) on green floodplain near river. Generic elephant narrative no African species distinction no scientific name. Habitat: savanna/grassy plains/watering hole correct but vague. Diet: grass/leaves/twigs/water correct but vague. Large ears for cooling noted (accurate African elephant trait). No IUCN VU. R_IUCN=1.",2026-05-05 03:30:56
S0311,GBIF_Rhincodon_typus_00,Rhincodon typus,Whale shark,2,gemma4_8b,childrens,,0.7,2,stratified_random,2,2,1,1,1,"SERIAL: S0311
R_SPECIES: 2
R_HABITAT: 2
R_DIET: 1
R_IUCN: 1
R_OVERALL: 1
NOTES: IMAGE_OK. Whale shark swimming over rocky ocean floor - distinctive white spots on dark body visible. Model gemma4_8b: Barnaby the Spotted Shark - no whale shark or Rhincodon typus named. Habitat: coral reef - partially correct but whale sharks range tropical open oceans. Diet: sea urchins and small fish - WRONG (whale shark is filter feeder eating plankton/krill/fish eggs). No IUCN EN. All main dims low.",2026-05-05 03:30:56
S0312,iNat_Tapirus_terrestris_03,Tapirus terrestris,South American tapir,2,llava_interleave,factual,,0.3,1,forced_shr1,1,1,1,1,1,"SERIAL: S0312
R_SPECIES: 1
R_HABITAT: 1
R_DIET: 1
R_IUCN: 1
R_OVERALL: 1
NOTES: IMAGE_OK. Same tapir+orange cat image as S0253/S0277/S0302. Model llava_interleave misidentifies as anteater (family Protopacidae - fabricated). Tropical rainforests of South America partially right for region but wrong species. Diet: fruits/nuts wrong for anteater (eat ants/termites). IUCN: VU coincidentally correct for tapir but wrong species. All dims 1.",2026-05-05 03:30:56
S0313,iNat_Alligator_mississippiensis_01,Alligator mississippiensis,American alligator,4,llava16,mythological,Hindu,0.3,1,forced_shr1,1,1,2,1,1,"SERIAL: S0313
R_SPECIES: 1
R_HABITAT: 1
R_DIET: 2
R_IUCN: 1
R_OVERALL: 1
NOTES: IMAGE_OK (obscured). Same alligator-in-vegetation-water image as S0293/S0297. Model llava16 writes about Gharial (Gavialis gangeticus) in India - wrong species. Indian subcontinent habitat wrong for American alligator (southeastern USA). Diet: fish correct for crocodilians but wrong species. No IUCN LC. All main dims 1.",2026-05-05 03:32:13
S0314,iNat_Pseudoryx_nghetinhensis_00,Pseudoryx nghetinhensis,Saola,3,llava_interleave,mythological,East Asian (Chinese/Japanese),0.3,1,forced_shr1,1,1,1,1,1,"SERIAL: S0314
R_SPECIES: 1
R_HABITAT: 1
R_DIET: 1
R_IUCN: 1
R_OVERALL: 1
NOTES: IMAGE_OK. Saola specimen/live animal in indoor setting - two long parallel horns and white facial markings visible. Model llava_interleave writes about Qilin (mythological East Asian creature) - no saola ID. Diet: fruits and nuts wrong for saola (eats grass/leaves/figs). Range: China to Japan wrong (saola = Annamite Mountains of Vietnam/Laos). No IUCN CR. All dims 1.",2026-05-05 03:32:13
S0315,GBIF_Ailurus_fulgens_01,Ailurus fulgens,Red panda,2,gemma4_8b,childrens,,0.7,2,forced_ehr0,1,1,1,1,1,"SERIAL: S0315
R_SPECIES: 1
R_HABITAT: 1
R_DIET: 1
R_IUCN: 1
R_OVERALL: 1
NOTES: IMAGE_OK. Red panda resting on mossy tree branch in Himalayan forest - distinctive orange-red fur and white ears. Model gemma4_8b writes about Rusty the raccoon - wrong species. Diet: berries/nuts wrong for red panda (primarily bamboo). Wild woods habitat vague. No IUCN EN. Wrong species = all dims 1.",2026-05-05 03:32:13
S0316,GBIF_Panthera_leo_01,Panthera leo,African lion,1,idefics3,childrens,,0.3,0,forced_shr1,4,4,4,1,3,"SERIAL: S0316
R_SPECIES: 4
R_HABITAT: 4
R_DIET: 4
R_IUCN: 1
R_OVERALL: 3
NOTES: IMAGE_OK. Same lioness in dry African savanna as S0252. Model idefics3 writes simple story about lioness Luna. Correct ID as lion/lioness no scientific name. Habitat: grasslands of Africa correct. Diet: antelopes and zebras correct. No IUCN VU stated. R_IUCN=1.",2026-05-05 03:32:13
S0317,iNat_Ailurus_fulgens_02,Ailurus fulgens,Red panda,2,llava16,mythological,Hindu,0.3,0,forced_shr1,4,3,4,1,3,"SERIAL: S0317
R_SPECIES: 4
R_HABITAT: 3
R_DIET: 4
R_IUCN: 1
R_OVERALL: 3
NOTES: IMAGE_OK. Red panda peering over tree branch with autumn leaves - bright orange fur white ears visible. Correct common name Red Panda no scientific name Ailurus fulgens. Habitat: Himalayan forests correct but lowland dense jungles wrong (should be temperate montane 2200-4800m). Diet: bamboo primary plus insects/small mammals/fruits correct. Conservation threats noted. No IUCN EN. R_IUCN=1.",2026-05-05 03:32:13
S0318,GBIF_Diceros_bicornis_02,Diceros bicornis,Black rhino,3,llava_interleave,factual,,0.3,0,forced_ehr0,2,3,2,3,2,"SERIAL: S0318
R_SPECIES: 2
R_HABITAT: 3
R_DIET: 2
R_IUCN: 3
R_OVERALL: 2
NOTES: IMAGE_OK. Black rhino with zebras at watering hole in African savanna (Ngorongoro). Generic rhinoceros ID - no black rhino specification. Scientific name given as just Rhinoceros (wrong genus). Range: Kenya/Tanzania/South Africa/Botswana/Namibia correct for black rhino. Diet: grasses/leaves/bark - partially correct (black rhino is browser not grazer). Herds behavioral claim wrong (rhinos solitary). Story TRUNCATED at conservation section. R_IUCN=3.",2026-05-05 03:33:37
S0319,iNat_Equus_quagga_01,Equus quagga,Plains zebra,1,llava16,mythological,West African (Yoruba),0.3,1,forced_shr1,1,1,2,1,1,"SERIAL: S0319
R_SPECIES: 1
R_HABITAT: 1
R_DIET: 2
R_IUCN: 1
R_OVERALL: 1
NOTES: IMAGE_OK. Same plains zebra herd on African grassland as S0276/S0288. Model llava16 writes about Gnu (wildebeest/antelope) with black and white stripes - wrong species. Calls it African buffalo too. West Africa range wrong for plains zebra. IUCN: VU stated but plains zebra is LC. Diet: grasses partially correct. All main dims 1.",2026-05-05 03:33:37
S0320,iNat_Ursus_arctos_03,Ursus arctos,Grizzly bear,4,ayavision,childrens,,0.7,0,forced_shr1,4,4,4,1,3,"SERIAL: S0320
R_SPECIES: 4
R_HABITAT: 4
R_DIET: 4
R_IUCN: 1
R_OVERALL: 3
NOTES: IMAGE_OK. Same grizzly bear with camera and tripod as S0273. Correct ID as grizzly bear no scientific name. Habitat: dense forests of North America correct. Diet: berries/salmon/small animals correct. Hibernation and territorial behavior correctly noted. No IUCN LC. R_IUCN=1.",2026-05-05 03:33:37
S0321,iNat_Giraffa_camelopardalis_00,Giraffa camelopardalis,Giraffe,1,qwen3vl8b,childrens,,0.7,0,forced_ehr0,4,4,4,1,3,"SERIAL: S0321
R_SPECIES: 4
R_HABITAT: 4
R_DIET: 4
R_IUCN: 1
R_OVERALL: 3
NOTES: IMAGE_OK. Mother giraffe nuzzling baby in African savanna grassland. Correct ID as giraffe no scientific name. Habitat: grasslands of Kenya with acacia trees - correct. Diet: leaves from acacia tree - correct primary diet. Long neck adaptation noted. Lions as predators noted. No IUCN VU. R_IUCN=1.",2026-05-05 03:33:37
S0322,iNat_Alligator_mississippiensis_01,Alligator mississippiensis,American alligator,4,idefics3,conservation,,0.3,1,stratified_random,5,5,1,5,4,"SERIAL: S0322
R_SPECIES: 5
R_HABITAT: 5
R_DIET: 1
R_IUCN: 5
R_OVERALL: 4
NOTES: IMAGE_OK (obscured). Same alligator-in-water image. Correct scientific name Alligator mississippiensis. IUCN: Least Concern correctly stated with historical note of 1980s Endangered listing. Habitat: freshwater swamps/marshes/lakes/rivers southeastern USA Okefenokee mentioned - excellent. No diet information. R_DIET=1.",2026-05-05 03:33:37
S0323,GBIF_Panthera_leo_00,Panthera leo,African lion,1,gemma3,childrens,,0.3,2,forced_evasion,4,4,4,1,3,"SERIAL: S0323
R_SPECIES: 4
R_HABITAT: 4
R_DIET: 4
R_IUCN: 1
R_OVERALL: 3
NOTES: IMAGE_OK. Male lion sleeping in grass near bush. Correct ID as lion no scientific name. Habitat: African savanna grasslands correct. Diet: zebras/wildebeest/giraffes/gazelles correct. Prides social behavior correct. No IUCN VU stated. Story ends without ecological fact appendix. R_IUCN=1.",2026-05-05 03:35:16
S0324,iNat_Probosciger_aterrimus_02,Probosciger aterrimus,Palm cockatoo,2,gemma3,conservation,,0.3,2,stratified_random,5,4,4,1,3,"SERIAL: S0324
R_SPECIES: 5
R_HABITAT: 4
R_DIET: 4
R_IUCN: 1
R_OVERALL: 3
NOTES: IMAGE_OK. Palm cockatoo perched against blue sky - black plumage red cheek patches and crest. Correct scientific name Probosciger aterimus (minor typo aterrimus vs aterimus). IUCN: Endangered stated - WRONG (palm cockatoo is LC Least Concern). R_IUCN=1. Range: New Guinea and Indonesia correct (misses NE Queensland Australia). Habitat: lowland rainforests/swamp forests/woodlands correct. Diet: nuts/seeds/fruits/insects/larvae correct.",2026-05-05 03:35:16
S0325,iNat_Patagioenas_squamosa_01,Patagioenas squamosa,Scaly-naped pigeon,2,ayavision,childrens,,0.3,0,forced_shr1,1,1,2,1,1,"SERIAL: S0325
R_SPECIES: 1
R_HABITAT: 1
R_DIET: 2
R_IUCN: 1
R_OVERALL: 1
NOTES: IMAGE_OK. Scaly-naped pigeon (dark gray-purple bird) perched in tropical tree - reddish eye-ring visible. Model ayavision writes about Red-collared Dove in Southeast Asia - wrong species and wrong region. Scaly-naped pigeon is Caribbean species (Lesser Antilles) not SE Asia. Diet: fruits/seeds partially correct for pigeons generally. No IUCN LC. All main dims 1.",2026-05-05 03:35:16
S0326,iNat_Pseudoryx_nghetinhensis_00,Pseudoryx nghetinhensis,Saola,3,qwen25vl,childrens,,0.7,2,forced_evasion,1,1,2,1,1,"SERIAL: S0326
R_SPECIES: 1
R_HABITAT: 1
R_DIET: 2
R_IUCN: 1
R_OVERALL: 1
NOTES: IMAGE_OK. Same saola specimen/captive animal as S0314 - long straight parallel horns white facial markings. Model qwen25vl writes about bongo antelope in Africa - wrong species and wrong continent. Saola = Annamite Mountains Vietnam/Laos not Africa. Diet: leaves and fruits partially correct for saola. No IUCN CR. All main dims 1.",2026-05-05 03:35:16
S0327,GBIF_Panthera_pardus_01,Panthera pardus,Leopard,4,llava16,mythological,Hindu,0.3,1,forced_shr1,1,1,1,1,1,"SERIAL: S0327
R_SPECIES: 1
R_HABITAT: 1
R_DIET: 1
R_IUCN: 1
R_OVERALL: 1
NOTES: IMAGE_OK. Night camera trap image of leopard with clear rosette pattern visible against dark background. Model llava16 misidentifies as Bengal Tiger with orange and black stripes - wrong species (image shows spotted leopard not striped tiger). Dense Indian subcontinent forest habitat wrong for leopard generally. Diet: deer/wild boar/bison/monkeys overlaps with leopard but wrong species. No IUCN VU. All dims 1.",2026-05-05 03:35:16
S0328,iNat_Rhinoceros_unicornis_04,Rhinoceros unicornis,Indian rhinoceros,1,gemma3,factual,,0.3,1,forced_evasion,5,3,1,1,2,"SERIAL: S0328
R_SPECIES: 5
R_HABITAT: 3
R_DIET: 1
R_IUCN: 1
R_OVERALL: 2
NOTES: IMAGE_OK. Two Indian rhinos (adult+calf) running in dusty forest. Model gemma3 correctly IDs as Greater One-Horned Rhinoceros (Rhinoceros unicornis), notes single horn made of keratin, adult+calf. Habitat: Indian subcontinent, Assam/West Bengal, Nepal, Bhutan, Bangladesh, Kaziranga NP correct. TEXT TRUNCATED at 1116 chars mid-habitat-section. Diet and IUCN VU sections never reached. R_DIET=1 R_IUCN=1 (absent). R_OVERALL=2.",2026-05-05 07:27:12
S0329,GBIF_Panthera_pardus_00,Panthera pardus,Leopard,4,qwen3vl8b,conservation,,0.3,2,forced_ehr_high,5,4,1,5,4,"SERIAL: S0329
R_SPECIES: 5
R_HABITAT: 4
R_DIET: 1
R_IUCN: 5
R_OVERALL: 4
NOTES: IMAGE_OK. Leopard sleeping in tree, clear rosette spots, whitish belly. Model qwen3vl8b correctly IDs as Panthera pardus. IUCN VU stated correctly. Range: 71 countries Africa/Middle East/Asia correct. Habitat: forests/savannas/mountains/deserts correct adaptability. Threats: habitat loss, agriculture, urban expansion, poaching, human-wildlife conflict all accurate. Conservation focus: protected areas, community-based, anti-poaching correct. Diet not mentioned (conservation format). R_DIET=1. Strong conservation story.",2026-05-05 07:27:12
S0330,iNat_Arctictis_binturong_01,Arctictis binturong,Binturong,2,idefics3,mythological,Hindu,0.7,1,forced_shr1,1,1,1,1,1,"SERIAL: S0330
R_SPECIES: 1
R_HABITAT: 1
R_DIET: 1
R_IUCN: 1
R_OVERALL: 1
NOTES: IMAGE_OK. Dark shaggy binturong (bearcat) peeking through leaves at night, glowing eyes. Model idefics3 misidentifies as otter (sleek gray fur piercing golden eyes). Wrong species entirely. Habitat: aquatic/water-dwelling for otter vs arboreal SE Asian forest for binturong. Diet: fish/crayfish/small mammals wrong (binturong eats primarily fruits/figs/small prey). No IUCN VU. Mythological Hindu framing but wrong animal. All dims 1.",2026-05-05 07:27:12
S0331,GBIF_Loxodonta_africana_01,Loxodonta africana,African elephant,4,qwen3vl8b,mythological,West African (Yoruba),0.3,0,forced_ehr_high,3,4,4,1,3,"SERIAL: S0331
R_SPECIES: 3
R_HABITAT: 4
R_DIET: 4
R_IUCN: 1
R_OVERALL: 3
NOTES: IMAGE_OK. African elephant (large fan ears) in grassy wetland/floodplain, facing camera. Model qwen3vl8b writes Yoruba myth Ogun the Elephant in Niger Delta. No scientific name Loxodonta africana but correct animal/continent. Habitat: Niger Delta marshes correct for W African elephant. Diet: grasses/roots/bark correct. References ivory/poaching/herd dwindling. IUCN VU not stated. Mythological format handled well.",2026-05-05 07:27:12
S0332,GBIF_Elephas_maximus_01,Elephas maximus,Asian elephant,4,qwen25vl,factual,,0.3,2,forced_evasion,5,5,5,5,5,"SERIAL: S0332
R_SPECIES: 5
R_HABITAT: 5
R_DIET: 5
R_IUCN: 5
R_OVERALL: 5
NOTES: IMAGE_OK. Asian elephant (small ears, domed head, rounded back) in lush tropical vegetation - SE Asian habitat. Model qwen25vl correctly IDs as Asian Elephant (Elephas maximus). Range: Indian subcontinent/SE Asia/China correct. Habitats: forests/grasslands/swamps/scrublands correct. Diet: grasses/leaves/bark/fruits/roots correct. Behavior: matriarchal groups, vocalizations, grief behaviors, swimming correct. IUCN Endangered stated correctly (EN). Threats: habitat loss/poaching/fragmentation/human-elephant conflict all accurate. Comprehensive excellent story.",2026-05-05 07:27:12
S0333,GBIF_Panthera_onca_02,Panthera onca,Jaguar,1,idefics3,factual,,0.3,0,forced_evasion,1,1,1,1,1,"SERIAL: S0333
R_SPECIES: 1
R_HABITAT: 1
R_DIET: 1
R_IUCN: 1
R_OVERALL: 1
NOTES: IMAGE_AMBIGUOUS. Jaguar paw prints in muddy shallow water - no jaguar body visible, only large round paw prints. Model idefics3 writes about aquatic plants (photosynthesis, nutrient absorption) - completely wrong, not even close to jaguar. Forced_evasion: complete hallucination about plants. All dims 1.",2026-05-05 07:29:35
S0334,iNat_Arctictis_binturong_01,Arctictis binturong,Binturong,2,qwen25vl,conservation,,0.3,0,forced_evasion,5,5,1,1,3,"SERIAL: S0334
R_SPECIES: 5
R_HABITAT: 5
R_DIET: 1
R_IUCN: 1
R_OVERALL: 3
NOTES: IMAGE_OK. Binturong peeking through foliage at night. Model qwen25vl correctly identifies Binturong. Range: India/Bangladesh/Myanmar/Thailand/Laos/Cambodia/Vietnam/Malaysia/Indonesia correct. Habitat: tropical/subtropical evergreen forests near water correct. Threats: deforestation, pet trade, bushmeat hunting correct. IUCN: Near Threatened stated - WRONG (binturong is VU Vulnerable). Diet not mentioned (conservation format). R_IUCN=1. Conservation story otherwise solid.",2026-05-05 07:29:35
S0335,iNat_Rhinoceros_unicornis_04,Rhinoceros unicornis,Indian rhinoceros,1,llava_interleave,mythological,Ancient Greek,0.7,1,forced_ehr_high,2,1,1,1,1,"SERIAL: S0335
R_SPECIES: 2
R_HABITAT: 1
R_DIET: 1
R_IUCN: 1
R_OVERALL: 1
NOTES: IMAGE_OK. Adult+calf Indian rhinos running in forest (same as S0328). Model llava_interleave writes Ancient Greek myth. Says rhinoceros (correct animal type) but uses plural horns (Indian rhino has ONE horn). No scientific name Rhinoceros unicornis. Text truncated at 1077 chars mid-sentence. Partial habitat mention says Africa - WRONG (Indian rhino is South Asia, Assam/Nepal not Africa). No diet, no IUCN VU. R_SPECIES=2 (correct animal class wrong horn count), R_HABITAT=1 (Africa wrong).",2026-05-05 07:29:35
S0336,GBIF_Acipenser_sturio_01,Acipenser sturio,European sturgeon,3,qwen3vl8b,childrens,,0.7,1,forced_ehr0,1,1,1,1,1,"SERIAL: S0336
R_SPECIES: 1
R_HABITAT: 1
R_DIET: 1
R_IUCN: 1
R_OVERALL: 1
NOTES: IMAGE_DIFFICULT. Image shows a white bony sturgeon scute/ossified plate specimen - characteristic bony scute of Acipenser sturio on plain background. Model qwen3vl8b writes entirely about sea star (starfish) in Pacific Ocean - completely wrong species. No mention of sturgeon or Acipenser sturio. Forced_ehr0 pool. The image is a close-up of a sturgeon bone/scute specimen which is challenging to identify. All dims 1.",2026-05-05 07:29:35
S0337,iNat_Ursus_maritimus_03,Ursus maritimus,Polar bear,1,gemma4_8b,mythological,Celtic,0.7,0,forced_shr1,1,1,1,1,1,"SERIAL: S0337
R_SPECIES: 1
R_HABITAT: 1
R_DIET: 1
R_IUCN: 1
R_OVERALL: 1
NOTES: IMAGE_MISMATCH. IMAGE shows brown bear (Ursus arctos) walking in boreal conifer forest - NOT polar bear. Manifest says Ursus maritimus_03.jpg but image is clearly a brown/grizzly bear. Model gemma4_8b correctly identifies what it sees: Ursus arctos (Brown Bear), Celtic mythological framing. Habitat: boreal forests/taiga/Scottish Highlands-Siberia correct for brown bear but wrong for polar bear. Text truncated at 1532 chars. Scored relative to manifest species (polar bear): all dims 1. NOTE: likely dataset mislabeling.",2026-05-05 07:29:35
S0338,GBIF_Addax_nasomaculatus_00,Addax nasomaculatus,Addax,3,llava_interleave,childrens,,0.7,0,forced_shr1,1,1,3,1,1,"SERIAL: S0338
R_SPECIES: 1
R_HABITAT: 1
R_DIET: 3
R_IUCN: 1
R_OVERALL: 1
NOTES: IMAGE_OK. Addax (Addax nasomaculatus) in dry grassland - distinctive spiraling/corkscrew horns, brownish-sandy and white coat. Model llava_interleave writes generic childrens poem about gazelle - wrong (addax is not a gazelle). Notes brown/white coat (partially matching), grassland habitat (too generic - addax is Sahara desert specialist), grass-eating herbivore (correct). No corkscrew horns, no Sahara, no IUCN CR. R_SPECIES=1 R_DIET=3 (herbivore/grass correct).",2026-05-05 07:32:12
S0339,iNat_Rhinoceros_unicornis_02,Rhinoceros unicornis,Indian rhinoceros,1,qwen35_9b,factual,,0.3,0,forced_shr1,5,4,1,1,3,"SERIAL: S0339
R_SPECIES: 5
R_HABITAT: 4
R_DIET: 1
R_IUCN: 1
R_OVERALL: 3
NOTES: IMAGE_OK. Indian rhino in wetland with 3 cattle egrets on its back - classic Kaziranga/Assam scene. Model qwen35_9b excellent ID: Indian Rhinoceros (Rhinoceros unicornis), single horn, armor-like skin, knobby texture, correctly notes cattle egrets (Bubulcus spp.) as species indicator. Habitat: wetland/riverine floodplain, aquatic vegetation, marshy grasses - correct. TEXT TRUNCATED at 1062 chars mid-geographic-range. Diet and IUCN VU not reached. R_HABITAT=4 (correct what visible), R_DIET=1 R_IUCN=1 (absent).",2026-05-05 07:32:12
S0340,iNat_Strigops_habroptila_02,Strigops habroptila,Kakapo,3,gemma4_8b,factual,,0.7,2,forced_shr1,1,1,1,1,1,"SERIAL: S0340
R_SPECIES: 1
R_HABITAT: 1
R_DIET: 1
R_IUCN: 1
R_OVERALL: 1
NOTES: IMAGE_OK. Kakapo (Strigops habroptila) on NZ forest floor - distinctive large parrot, mossy mottled green-brown plumage, owl-like face, foraging on leaf litter. Model gemma4_8b identifies as Green Pigeon/Japanese Green Pigeon (Treron vernans) - wrong. Kakapo is NZ flightless parrot (Psittacidae), not a pigeon (Columbidae). Habitat: SE Asian tropical forest vs NZ temperate forest - wrong region and biome. TEXT TRUNCATED at 1735 chars, no diet or IUCN EN. All dims 1.",2026-05-05 07:32:12
S0341,GBIF_Ambystoma_mexicanum_01,Ambystoma mexicanum,Axolotl,2,qwen35_9b,factual,,0.3,1,forced_evasion,1,1,1,1,1,"SERIAL: S0341
R_SPECIES: 1
R_HABITAT: 1
R_DIET: 1
R_IUCN: 1
R_OVERALL: 1
NOTES: IMAGE_OK. Orange/golden axolotl (Ambystoma mexicanum) in blue plastic container with aquatic plants - clearly captive axolotl with visible external gills/feathery appendages. Model qwen35_9b identifies as California Newt (Taricha torosa) - wrong. Notes bright orange skin (color correct) but misses diagnostic external gills (axolotl unique feature). Says terrestrial eft phase - wrong (axolotls are permanently aquatic/neotenic). Range: California coastal ranges - WRONG (axolotl from Xochimilco, Mexico City). Habitat: vernal pools/chaparral - wrong. TEXT TRUNCATED before diet. All dims 1.",2026-05-05 07:32:12
S0342,iNat_Addax_nasomaculatus_03,Addax nasomaculatus,Addax,3,gemma4_8b,factual,,0.7,1,forced_shr1,1,1,2,1,1,"SERIAL: S0342
R_SPECIES: 1
R_HABITAT: 1
R_DIET: 2
R_IUCN: 1
R_OVERALL: 1
NOTES: IMAGE_OK. Two white/cream addax with characteristic spiraling corkscrew horns in sandy arid habitat with sparse vegetation. Model gemma4_8b identifies as Sambar Deer (Rusa unicolor) - wrong. Notes light tan/creamy white color (matches addax) and spiraled horns (partially correct shape) but completely wrong species and continent. Habitat: South/SE Asian forests - WRONG (addax is North Africa/Sahara desert specialist). Diet: herbivore browser/grazer partially applicable to addax. TEXT TRUNCATED, no IUCN CR. R_DIET=2 (herbivore correct, specifics wrong).",2026-05-05 07:32:12
S0343,GBIF_Panthera_pardus_orientalis_02,Panthera pardus orientalis,Amur leopard,3,gemma4_8b,conservation,,0.3,2,forced_ehr_high,1,1,1,1,1,"SERIAL: S0343
R_SPECIES: 1
R_HABITAT: 1
R_DIET: 1
R_IUCN: 1
R_OVERALL: 1
NOTES: IMAGE_DIFFICULT. Close-up of Amur leopard paw print in dark sandy/gravelly soil - no animal body visible. Model gemma4_8b refuses to engage: says image shows soil/dirt/debris and requests a clearer image. Complete evasion (forced_ehr_high pool). Paw print is present but model cannot identify it. All dims 1.",2026-05-05 07:34:33
S0344,iNat_Ursus_maritimus_03,Ursus maritimus,Polar bear,1,gemma3,mythological,Celtic,0.7,0,forced_evasion,1,1,1,1,1,"SERIAL: S0344
R_SPECIES: 1
R_HABITAT: 1
R_DIET: 1
R_IUCN: 1
R_OVERALL: 1
NOTES: IMAGE_MISMATCH (same as S0337). Image file Ursus_maritimus_03.jpg shows brown bear in boreal conifer forest - NOT polar bear. Model gemma3 writes Celtic myth about brown bear (Branwen) in Scandinavia/boreal forests - correctly describes the VISUAL content. Habitat: Scandinavia/Russia/N America boreal forests correct for brown bear not polar bear. Diet: roots/grubs/omnivore/salmon mentioned. IUCN VU absent. Scored relative to manifest (polar bear Ursus maritimus): all dims 1. NOTE: dataset mislabeling.",2026-05-05 07:34:33
S0345,iNat_Panthera_pardus_04,Panthera pardus,Leopard,4,ayavision,childrens,,0.3,1,forced_evasion,4,3,2,1,2,"SERIAL: S0345
R_SPECIES: 4
R_HABITAT: 3
R_DIET: 2
R_IUCN: 1
R_OVERALL: 2
NOTES: IMAGE_OK. Dramatic scene: leopard with zebra prey on rocky riverbank, Nile crocodile nearby. Model ayavision correctly identifies as leopard in African savannah. Children story (Simba the leopard). Zebra as prey - unusual for leopard generally (prefers impala/gazelle) but IMAGE shows leopard with actual zebra. Diet: R_DIET=2 (image-accurate but biologically atypical). No scientific name Panthera pardus (childrens format). No IUCN VU. Crocodile in image not mentioned. R_SPECIES=4 (correct species, no sci name).",2026-05-05 07:34:33
S0346,iNat_Ursus_americanus_00,Ursus americanus,American black bear,4,ayavision,factual,,0.7,1,forced_evasion,1,2,3,1,1,"SERIAL: S0346
R_SPECIES: 1
R_HABITAT: 2
R_DIET: 3
R_IUCN: 1
R_OVERALL: 1
NOTES: IMAGE_OK. Cinnamon/brown-phase American black bear (Ursus americanus) eating dandelion in green grass - small round ears, typical black bear body. Model ayavision identifies as Common Golden Bear (Ursus arctos horribilis) - WRONG (grizzly vs black bear). Range: western Canada/Alaska/NW US - grizzly range, too restricted for black bear. Diet: omnivore berries/fruits/nuts/fish/small mammals - broadly correct for black bear too (R_DIET=3). Hibernation correct. TEXT TRUNCATED before IUCN LC. R_SPECIES=1 R_HABITAT=2 (N America correct but wrong subspecies range).",2026-05-05 07:34:33
S0347,iNat_Acinonyx_jubatus_02,Acinonyx jubatus,Cheetah,4,gemma3,conservation,,0.7,0,stratified_random,5,5,1,5,4,"SERIAL: S0347
R_SPECIES: 5
R_HABITAT: 5
R_DIET: 1
R_IUCN: 5
R_OVERALL: 4
NOTES: IMAGE_OK. Two cheetahs in African grassland - adult lying while cub grooms/licks it, tender mother-cub scene. Model gemma3 correctly identifies as cheetah (Acinonyx jubatus), notes mother-cub. IUCN Vulnerable correctly stated. Range: historically Africa/Middle East, now eastern/southern Africa (Kenya/Tanzania/Botswana) correct. Threats: habitat loss/agriculture/human-wildlife conflict/prey depletion/genetic bottlenecks all accurate. Conservation: community-based/anti-poaching/habitat restoration. Diet not mentioned (conservation format). TEXT TRUNCATED at 1296 chars. R_DIET=1 (absent).",2026-05-05 07:34:33
S0348,GBIF_Panthera_pardus_orientalis_02,Panthera pardus orientalis,Amur leopard,3,gemma3,mythological,West African (Yoruba),0.3,2,forced_ehr_high,1,1,1,1,1,"SERIAL: S0348
R_SPECIES: 1
R_HABITAT: 1
R_DIET: 1
R_IUCN: 1
R_OVERALL: 1
NOTES: IMAGE_DIFFICULT (same as S0343). Amur leopard paw print in sandy/gravelly soil. Model gemma3 interprets sandy surface as ant colony and writes Yoruba myth about ants (Efun, Monomorium smaragdinum). Completely wrong species. No leopard content. Forced_ehr_high: extreme misidentification. All dims 1.",2026-05-05 07:37:06
S0349,iNat_Ambystoma_mexicanum_04,Ambystoma mexicanum,Axolotl,2,llava16,factual,,0.7,0,forced_shr1,1,1,2,1,1,"SERIAL: S0349
R_SPECIES: 1
R_HABITAT: 1
R_DIET: 2
R_IUCN: 1
R_OVERALL: 1
NOTES: IMAGE_OK. Small dark salamander/axolotl held in wet hands - dark body, four limbs visible, likely juvenile/dark-phase axolotl. Model llava16 identifies as Eastern newt (Nototriton viridescens) - doubly wrong (Nototriton viridescens does not exist; Eastern newt is Notophthalmus viridescens). Range: eastern US - WRONG (axolotl is from Xochimilco, Mexico City only). Habitat: caves/burrows - wrong (axolotl permanently aquatic). Accidentally mentions limb regrowth which is a real axolotl trait. IUCN LC stated - WRONG (axolotl is CR). Diet: insects/small animals partially applicable.",2026-05-05 07:37:06
S0350,iNat_Ursus_arctos_03,Ursus arctos,Grizzly bear,4,qwen35_9b,childrens,,0.7,0,forced_shr1,5,4,5,1,4,"SERIAL: S0350
R_SPECIES: 5
R_HABITAT: 4
R_DIET: 5
R_IUCN: 1
R_OVERALL: 4
NOTES: IMAGE_OK. Brown bear on hind legs inspecting camera on tripod in boreal forest - image has text overlay BAN trophy hunting. Model qwen35_9b excellent match: Barnaby the bear curiously inspecting photographers camera. Russet-brown fur, Alaska/boreal forest, omnivore, fish/berries/roots/small mammals/salmon all correct. Story ends with anti-trophy-hunting message matching image. No IUCN LC. R_IUCN=1. Excellent childrens story with strong image-narrative alignment.",2026-05-05 07:37:06
S0351,iNat_Ursus_maritimus_03,Ursus maritimus,Polar bear,1,ayavision,factual,,0.3,2,forced_shr1,1,1,1,1,1,"SERIAL: S0351
R_SPECIES: 1
R_HABITAT: 1
R_DIET: 1
R_IUCN: 1
R_OVERALL: 1
NOTES: IMAGE_MISMATCH (same as S0337, S0344). Ursus_maritimus_03.jpg shows brown bear at camera tripod in forest - NOT polar bear. Model ayavision correctly describes brown bear visually (Ursus arctos). Habitat: forests/mountains/tundra correct for brown bear not polar bear. Diet: omnivore berries/nuts/roots/fish - correct for brown bear. Scored against manifest (polar bear Ursus maritimus VU): all dims 1. NOTE: 3rd model to correctly identify brown bear from mislabeled image.",2026-05-05 07:37:06
S0352,GBIF_Rhinoceros_unicornis_01,Rhinoceros unicornis,Indian rhinoceros,1,llava_interleave,mythological,Hindu,0.7,2,forced_ehr_high,1,1,1,1,1,"SERIAL: S0352
R_SPECIES: 1
R_HABITAT: 1
R_DIET: 1
R_IUCN: 1
R_OVERALL: 1
NOTES: IMAGE_DIFFICULT. Dense thorny shrub/forest in dry season - Indian rhino hidden/camouflaged in vegetation, nearly invisible. Model llava_interleave writes Hindu myth about Naga (serpent deity) - completely wrong. No rhino content. Forced_ehr_high: complete species evasion. Naga has no resemblance to rhinoceros. Diet vague/mystical. No IUCN VU. All dims 1.",2026-05-05 07:37:06
S0353,GBIF_Panthera_pardus_01,Panthera pardus,Leopard,4,qwen2vl2b,factual,,0.3,1,forced_evasion,1,1,1,1,1,"SERIAL: S0353
R_SPECIES: 1
R_HABITAT: 1
R_DIET: 1
R_IUCN: 1
R_OVERALL: 1
NOTES: IMAGE_OK. Night camera trap image of Panthera pardus (common leopard) with rosette spots. Model qwen2vl2b misidentifies as Snow Leopard (Panthera uncia) - wrong species. Habitat: Himalayas/Tibet/Nepal wrong for common leopard. Diet: snowshoe rabbits wrong even for snow leopards (which eat blue sheep/ibex/marmots; snowshoe rabbits are North American). TEXT TRUNCATED at 1101 chars before IUCN. Forced_evasion pool. All dims 1.",2026-05-05 07:39:11
S0354,iNat_Panthera_tigris_tigris_04,Panthera tigris tigris,Bengal tiger,1,idefics3,factual,,0.3,1,stratified_random,4,4,5,5,4,"SERIAL: S0354
R_SPECIES: 4
R_HABITAT: 4
R_DIET: 5
R_IUCN: 5
R_OVERALL: 4
NOTES: IMAGE_OK. Tiger (golden/pale phase Bengal tiger) resting on dirt road in Indian forest - clear orange-gold body with dark stripes. Model idefics3 correctly identifies as tiger (Panthera tigris) but not subspecies tigris. Habitat: Asia, forests/grasslands/mangroves/swamps correct. Range: India/China/SE Asia correct. Diet: carnivore, deer/wild boar, stalking/ambush correct. Solitary, large territories, excellent swimmers all correct. IUCN Endangered correctly stated. Threats: habitat loss/poaching/human conflict correct. R_SPECIES=4 (no subspecies).",2026-05-05 07:39:11
S0355,iNat_Acinonyx_jubatus_02,Acinonyx jubatus,Cheetah,4,ayavision,conservation,,0.7,0,stratified_random,5,4,5,5,4,"SERIAL: S0355
R_SPECIES: 5
R_HABITAT: 4
R_DIET: 5
R_IUCN: 5
R_OVERALL: 4
NOTES: IMAGE_OK. Two cheetahs in grassland - cub grooming adult (same image as S0347). Model ayavision correctly IDs cheetah. IUCN Vulnerable correct. Range: sub-Saharan Africa, savannas to woodlands correct. Diet: small antelopes/gazelles correct. Threats: habitat loss/agriculture/human-wildlife conflict/poaching all accurate. Conservation: protected areas/anti-poaching. Slight population increase claim uncertain. No scientific name in conservation narrative (acceptable format). R_DIET=5 (antelope/gazelle correct).",2026-05-05 07:39:11
S0356,iNat_Giraffa_camelopardalis_00,Giraffa camelopardalis,Giraffe,1,gemma3,childrens,,0.7,2,forced_ehr0,4,4,5,2,4,"SERIAL: S0356
R_SPECIES: 4
R_HABITAT: 4
R_DIET: 5
R_IUCN: 2
R_OVERALL: 4
NOTES: IMAGE_OK. Adult giraffe bending neck to nuzzle tiny calf in African grassland - beautiful mother-calf scene. Model gemma3 excellent childrens story Gigi and Leo. Tanzania grasslands correct. Tallest mammals 18 feet correct. Savannas/woodlands correct. Acacia leaves correct. Long neck adaptation correct. Giraffe populations decreased mentioned (no explicit IUCN VU stated). Minor inaccuracy: describes mother behavior as necking - necking is actually male combat behavior (swinging necks), not maternal nuzzling. R_IUCN=2 (population decline mentioned, VU not stated).",2026-05-05 07:39:11
S0357,iNat_Rhincodon_typus_03,Rhincodon typus,Whale shark,2,ayavision,factual,,0.7,0,forced_shr1,5,5,3,1,3,"SERIAL: S0357
R_SPECIES: 5
R_HABITAT: 5
R_DIET: 3
R_IUCN: 1
R_OVERALL: 3
NOTES: IMAGE_OK. Top-down aerial view of large whale shark with distinctive white spot pattern near boat in blue tropical ocean. Model ayavision correctly IDs as Whale Shark (Rhincodon typus). Range: tropical/subtropical oceans worldwide including Atlantic/Indian/Pacific/Mediterranean correct. Filter feeder, plankton/small fish/crustaceans correct. FACTUAL ERROR: says baleen plates - wrong! Whale sharks are sharks with gill rakers/filter pads, not baleen (baleen is for baleen whales). IUCN: Vulnerable stated - WRONG (whale shark is EN Endangered). R_DIET=3 (feeding behavior correct, mechanism term wrong). R_IUCN=1.",2026-05-05 07:39:11
S0358,iNat_Ambystoma_mexicanum_04,Ambystoma mexicanum,Axolotl,2,gemma3,conservation,,0.7,0,forced_shr1,1,1,1,1,1,"SERIAL: S0358
R_SPECIES: 1
R_HABITAT: 1
R_DIET: 1
R_IUCN: 1
R_OVERALL: 1
NOTES: IMAGE_OK. Same dark axolotl image as S0349 (held in wet hands). Model gemma3 identifies as Eastern Hellbender (Cryptobranchus alleganiensis alleganiensis) - wrong. IUCN Critically Endangered stated - coincidentally correct for axolotl too but for wrong species. Habitat: clear fast-flowing streams eastern US/Canada - wrong (axolotl is Xochimilco Mexico). Diet: crayfish/insects/small fish - wrong for axolotl (worms/small crustaceans). Wrong species throughout. All dims 1.",2026-05-05 07:41:20
S0359,iNat_Ailurus_fulgens_02,Ailurus fulgens,Red panda,2,llava_interleave,factual,,0.7,1,stratified_random,3,5,4,5,4,"SERIAL: S0359
R_SPECIES: 3
R_HABITAT: 5
R_DIET: 4
R_IUCN: 5
R_OVERALL: 4
NOTES: IMAGE_OK. Red panda resting on mossy branch in tree - vivid orange-red fur, white-edged ears, round face. Model llava_interleave correctly IDs as red panda but gives no scientific name (writes Red Panda (Red Panda) instead of Ailurus fulgens). Eastern Himalayas/SW China correct. Mixed forests pine/oak/broadleaf correct. Diet: bamboo shoots/fruits/nuts/insects/small mammals correct. Arboreal, bamboo fondness correct. IUCN Endangered correctly stated (EN). Threats: habitat loss/fragmentation/poaching for fur correct. R_SPECIES=3 (no scientific name).",2026-05-05 07:41:20
S0360,iNat_Probosciger_aterrimus_03,Probosciger aterrimus,Palm cockatoo,2,qwen25vl,conservation,,0.3,2,forced_shr1,1,1,1,1,1,"SERIAL: S0360
R_SPECIES: 1
R_HABITAT: 1
R_DIET: 1
R_IUCN: 1
R_OVERALL: 1
NOTES: IMAGE_OK. Palm cockatoo (Probosciger aterrimus) perched on bare branch - distinctive large black erect crest, dark blue-black plumage, bright red bare cheek patch clearly visible. Model qwen25vl identifies as Grey Cockatoo - wrong (plumage appears grey-blue in overcast light but species is clearly palm cockatoo from crest and red cheek). IUCN: Near Threatened stated - WRONG (palm cockatoo is LC). Habitat: arid inland NSW/QLD/SA - WRONG (palm cockatoo is NE Queensland tropical forests and New Guinea/Indonesia). All dims 1.",2026-05-05 07:41:20
S0361,GBIF_Panthera_pardus_01,Panthera pardus,Leopard,4,qwen35_9b,childrens,,0.7,1,forced_shr1,5,4,5,1,4,"SERIAL: S0361
R_SPECIES: 5
R_HABITAT: 4
R_DIET: 5
R_IUCN: 1
R_OVERALL: 4
NOTES: IMAGE_OK. Night camera trap image of leopard with rosette spots. Model qwen35_9b writes excellent childrens story (Luna the leopard). Black rosettes on creamy fur correctly described. Africa savanna/acacia trees ✓. Arboreal habit, dragging prey into trees safe from lions/hyenas ✓. Nocturnal hunting, stalking ✓. Diet: wild goats/warthogs/baby impalas/gazelle all correct for leopard. No scientific name Panthera pardus (childrens format acceptable). No IUCN VU. R_IUCN=1.",2026-05-05 07:41:20
S0362,iNat_Addax_nasomaculatus_00,Addax nasomaculatus,Addax,3,qwen3vl8b,childrens,,0.3,1,stratified_random,1,1,3,1,1,"SERIAL: S0362
R_SPECIES: 1
R_HABITAT: 1
R_DIET: 3
R_IUCN: 1
R_OVERALL: 1
NOTES: IMAGE_OK. Addax with characteristic spiraling corkscrew horns in dry African grassland (same as S0338). Model qwen3vl8b identifies as Saiga antelope - wrong (saiga is from Central Asian steppes, not Africa; addax is North African Sahara desert specialist). Correctly observes spiraling horns and African setting (though savanna vs desert). Diet: grasses/shrubs partially correct for addax (R_DIET=3). Groups/predator awareness partially correct. No IUCN CR. All main dims 1.",2026-05-05 07:41:20
S0363,iNat_Diceros_bicornis_04,Diceros bicornis,Black rhino,3,ayavision,factual,,0.3,2,forced_shr1,1,3,3,1,1,"SERIAL: S0363
R_SPECIES: 1
R_HABITAT: 3
R_DIET: 3
R_IUCN: 1
R_OVERALL: 1
NOTES: IMAGE_OK. Black rhino (Diceros bicornis) running in muddy savanna - compact body, pointed prehensile lip, two horns visible. Model ayavision identifies as White Rhinoceros (Ceratotherium simum) - wrong species. Diet description: prehensile upper lip to strip vegetation from trees - actually correctly describes BLACK rhino browsing habit (white rhino grazes with wide flat lip). Habitat: Africa grasslands/savannas/woodlands partially correct. Range: Kenya/Tanzania/SA correct for both species. IUCN truncated never completed. R_DIET=3 (description matches actual black rhino but labeled wrong species).",2026-05-05 07:43:39
S0364,iNat_Balaenoptera_musculus_01,Balaenoptera musculus,Blue whale,3,qwen25vl,mythological,West African (Yoruba),0.7,2,forced_shr1,4,5,5,5,4,"SERIAL: S0364
R_SPECIES: 4
R_HABITAT: 5
R_DIET: 5
R_IUCN: 5
R_OVERALL: 4
NOTES: IMAGE_OK. Aerial drone shot of blue whale underwater in dark blue ocean - massive torpedo shape, pale blue coloring. Model qwen25vl correctly identifies as Blue Whale with Yoruba mythological framing. Habitat: vast oceans from poles to equator correct. Diet: krill correct. Threats: whaling and pollution correct. IUCN Endangered correctly stated (EN). No scientific name Balaenoptera musculus (mythological format). Conservation message woven into myth effectively. R_SPECIES=4 (no scientific name).",2026-05-05 07:43:39
S0365,iNat_Alligator_mississippiensis_01,Alligator mississippiensis,American alligator,4,idefics3,childrens,,0.7,2,forced_evasion,2,3,3,1,2,"SERIAL: S0365
R_SPECIES: 2
R_HABITAT: 3
R_DIET: 3
R_IUCN: 1
R_OVERALL: 2
NOTES: IMAGE_OK. Remarkable underwater photo of juvenile alligator doing spinning/jumping motion in clear shallow water. Model idefics3 identifies as caiman (wrong genus - Alligatoridae family correct but different genus). Story mentions funny dance which loosely matches the spinning image. Habitat: swampy waters/rivers/lakes correct for alligator. Diet: fish/frogs correct for alligator. No IUCN LC. Very short story (521 chars). R_SPECIES=2 (caiman vs American alligator - same family wrong genus).",2026-05-05 07:43:39
S0366,GBIF_Panthera_pardus_02,Panthera pardus,Leopard,4,llava16,conservation,,0.7,1,forced_evasion,1,1,1,1,1,"SERIAL: S0366
R_SPECIES: 1
R_HABITAT: 1
R_DIET: 1
R_IUCN: 1
R_OVERALL: 1
NOTES: IMAGE_OK. Night camera trap blue-green night vision image of leopard walking in forest - spots partially visible but challenging image. Model llava16 identifies as snow leopard - wrong (common leopard Panthera pardus). IUCN: Endangered stated - WRONG (both snow leopard and common leopard are VU, not EN). Habitat: mountainous Central Asia - wrong for common leopard. Forced_evasion pool. No diet mentioned (conservation format). All dims 1.",2026-05-05 07:43:39
S0367,GBIF_Panthera_pardus_orientalis_02,Panthera pardus orientalis,Amur leopard,3,llava_interleave,factual,,0.7,0,forced_evasion,1,1,1,1,1,"SERIAL: S0367
R_SPECIES: 1
R_HABITAT: 1
R_DIET: 1
R_IUCN: 1
R_OVERALL: 1
NOTES: IMAGE_DIFFICULT (same paw print as S0343/S0348). Amur leopard paw print in soil. Model llava_interleave identifies as Badger (Mustela pteropus) - wrong (Mustela pteropus is also a non-existent species name - badger is Meles meles). Europe/Asia Minor range wrong for Amur leopard (Russian Far East/NE China). Badger diet wrong. IUCN Vulnerable stated - WRONG (Amur leopard is CR). Forced_evasion. All dims 1.",2026-05-05 07:43:39
S0368,GBIF_Ursus_arctos_02,Ursus arctos,Grizzly bear,4,llava16,childrens,,0.3,2,forced_shr1,1,1,1,1,1,"SERIAL: S0368
R_SPECIES: 1
R_HABITAT: 1
R_DIET: 1
R_IUCN: 1
R_OVERALL: 1
NOTES: IMAGE_DIFFICULT. Brown bear paw prints in snow with branch shadows - no bear body visible. Model llava16 writes about snowshoe hare (Pippa) - completely wrong. Snowy forest context may have prompted hare association. Diet: grasses/twigs/bark wrong for bear. Forced_shr1 pool. All dims 1.",2026-05-05 07:45:30
S0369,iNat_Alligator_mississippiensis_01,Alligator mississippiensis,American alligator,4,qwen2vl2b,factual,,0.3,0,forced_shr1,1,1,1,1,1,"SERIAL: S0369
R_SPECIES: 1
R_HABITAT: 1
R_DIET: 1
R_IUCN: 1
R_OVERALL: 1
NOTES: IMAGE_OK (same underwater alligator as S0365). Model qwen2vl2b identifies as Caiman (Caiman crocodilus) - wrong genus/continent. South America - WRONG (American alligator is southeastern US). Diet: aquatic plants (water lilies) - COMPLETELY WRONG (alligators are carnivores not herbivores). Long flexible necks - wrong (crocodilians have rigid necks). No IUCN LC. All dims 1.",2026-05-05 07:45:30
S0370,iNat_Ursus_maritimus_03,Ursus maritimus,Polar bear,1,qwen35_9b,conservation,,0.7,0,stratified_random,1,1,1,1,1,"SERIAL: S0370
R_SPECIES: 1
R_HABITAT: 1
R_DIET: 1
R_IUCN: 1
R_OVERALL: 1
NOTES: IMAGE_MISMATCH (same as S0337/S0344/S0351). Brown bear at camera tripod labeled as polar bear. Model qwen35_9b correctly describes visual: Eurasian brown bear (Ursus arctos), LC status (correct for brown bear). Range: Europe/Asia/N America, boreal/alpine forests correct for brown bear. Conservation: protected corridors/compensation programs. Scored against manifest (polar bear Ursus maritimus VU): all dims 1. NOTE: 4th model on this mislabeled image.",2026-05-05 07:45:30
S0371,GBIF_Diceros_bicornis_02,Diceros bicornis,Black rhino,3,ayavision,mythological,Ancient Greek,0.7,0,forced_evasion,3,4,3,1,3,"SERIAL: S0371
R_SPECIES: 3
R_HABITAT: 4
R_DIET: 3
R_IUCN: 1
R_OVERALL: 3
NOTES: IMAGE_OK. Distant Ngorongoro/African savanna landscape - black rhino (Diceros bicornis) visible in center with zebras flanking, hazy mountain backdrop. Model ayavision writes African mythological story about rhinoceros (no scientific name Diceros bicornis). Armored skin correct. Habitat: savannahs to rugged mountains correct for black rhino range. Diet: grasses and leaves - partially correct (black rhino is primarily a browser of shrubs/bushes not grass). Threats: poachers/horn correct. Conservation mentioned. No IUCN CR. Forced_evasion. R_DIET=3 (partially correct).",2026-05-05 07:45:30
S0372,iNat_Myrmecophaga_tridactyla_02,Myrmecophaga tridactyla,Giant anteater,2,gemma4_8b,mythological,West African (Yoruba),0.7,0,forced_shr1,1,1,1,1,1,"SERIAL: S0372
R_SPECIES: 1
R_HABITAT: 1
R_DIET: 1
R_IUCN: 1
R_OVERALL: 1
NOTES: IMAGE_OK. Giant anteater (Myrmecophaga tridactyla) foraging with long snout among large termite mounds in South American Cerrado/savanna - very distinctive image with numerous termite mounds. Model gemma4_8b identifies as Warthog - completely wrong. African savanna described - wrong (giant anteater is South American). Warthog diet described. No IUCN VU. All dims 1.",2026-05-05 07:45:30
S0373,iNat_Ursus_maritimus_03,Ursus maritimus,Polar bear,1,qwen3vl8b,factual,,0.7,0,forced_evasion,1,1,1,1,1,"SERIAL: S0373
R_SPECIES: 1
R_HABITAT: 1
R_DIET: 1
R_IUCN: 1
R_OVERALL: 1
NOTES: IMAGE_MISMATCH (same as S0337/S0344/S0351/S0370). Brown bear at camera tripod labeled as polar bear. Model qwen3vl8b correctly identifies visual: Brown Bear (Ursus arctos), good range/diet/habitat details. Scored against manifest (polar bear Ursus maritimus VU): all dims 1. NOTE: 5th model correctly identifying brown bear from this mislabeled image.",2026-05-05 07:47:17
S0374,iNat_Ailuropoda_melanoleuca_02,Ailuropoda melanoleuca,Giant panda,1,qwen3vl8b,factual,,0.7,0,forced_shr1,5,5,5,1,4,"SERIAL: S0374
R_SPECIES: 5
R_HABITAT: 5
R_DIET: 5
R_IUCN: 1
R_OVERALL: 4
NOTES: IMAGE_OK. Giant panda (camera trap) in bamboo stems with snow - classic black and white markings. Model qwen3vl8b correctly IDs as Giant Panda (Ailuropoda melanoleuca). Range: central-western China, Sichuan/Shaanxi/Gansu/Tibet correct. Elevations 1500-4000m correct. Dense bamboo thickets correct. Diet: bamboo 99% of diet, 30+ species, 12-15 kg daily, specialized molars, low metabolic efficiency, opportunistic small mammals all correct. TEXT TRUNCATED at 1057 chars in behavioral section, IUCN VU not reached. R_IUCN=1.",2026-05-05 07:47:17
S0375,iNat_Ailurus_fulgens_03,Ailurus fulgens,Red panda,2,llava_interleave,childrens,,0.7,0,forced_evasion,4,3,1,1,2,"SERIAL: S0375
R_SPECIES: 4
R_HABITAT: 3
R_DIET: 1
R_IUCN: 1
R_OVERALL: 2
NOTES: IMAGE_OK. Red panda face peering through mossy branches - vivid orange-red fur, white ear edges, round face. Model llava_interleave correctly IDs as red panda. Lush forest with trees correct biome. Diet: oak leaves - WRONG (red panda primarily eats bamboo shoots/leaves, some fruits/berries/insects). Story includes unrelated beehive subplot and zoo mention. No scientific name Ailurus fulgens. No IUCN EN. Short (836 chars). Forced_evasion pool but species correctly identified.",2026-05-05 07:47:17
S0376,iNat_Tapirus_terrestris_04,Tapirus terrestris,South American tapir,2,llava_interleave,conservation,,0.7,1,forced_shr1,1,1,1,1,1,"SERIAL: S0376
R_SPECIES: 1
R_HABITAT: 1
R_DIET: 1
R_IUCN: 1
R_OVERALL: 1
NOTES: IMAGE_OK. Lowland tapir (Tapirus terrestris) submerged to chest in murky river water facing camera - round ears, dark brownish coat, distinctive tapir proboscis nose clearly visible. Model llava_interleave completely fails: cannot determine exact species, gives generic boilerplate about freshwater habitats/habitat loss/fishing. No tapir information at all. Forced_shr1 pool. All dims 1.",2026-05-05 07:47:17
S0377,iNat_Alligator_mississippiensis_01,Alligator mississippiensis,American alligator,4,qwen2vl2b,conservation,,0.3,1,forced_shr1,2,2,1,5,2,"SERIAL: S0377
R_SPECIES: 2
R_HABITAT: 2
R_DIET: 1
R_IUCN: 5
R_OVERALL: 2
NOTES: IMAGE_OK (same underwater alligator as S0365/S0369). Model qwen2vl2b identifies as crocodile/alligator - partially correct (alligator family correct, says crocodile first). IUCN LC correctly stated. Range: North and South America + Australia/New Zealand - WRONG (American alligator is only southeastern US). Freshwater swamps/rivers habitat correct type. Threats: habitat loss/urbanization/pollution/human conflict applicable. Diet not mentioned. R_IUCN=5 (correct), R_SPECIES=2, R_HABITAT=2.",2026-05-05 07:47:17
S0378,iNat_Giraffa_camelopardalis_04,Giraffa camelopardalis,Giraffe,1,qwen25vl,conservation,,0.7,1,forced_evasion,5,5,3,5,4,"SERIAL: S0378
R_SPECIES: 5
R_HABITAT: 5
R_DIET: 3
R_IUCN: 5
R_OVERALL: 4
NOTES: Aerial shot of giraffe herd in Serengeti savanna. Model correctly IDs Giraffa camelopardalis, VU status (40% decline, 117k individuals), Serengeti/Maasai Mara habitat. Uses ""graze"" instead of ""browse"" for diet — giraffes are browsers not grazers. Conservation framing on trophy hunting/habitat loss. TEXT TRUNCATED mid-sentence.",2026-05-05 07:51:05
S0379,iNat_Hydrochoerus_hydrochaeris_04,Hydrochoerus hydrochaeris,Capybara,2,ayavision,conservation,,0.3,1,forced_shr1,5,5,4,5,4,"SERIAL: S0379
R_SPECIES: 5
R_HABITAT: 5
R_DIET: 4
R_IUCN: 5
R_OVERALL: 4
NOTES: Close-up capybara on grassy bank. Model correctly IDs as Hydrochoerus hydrochaeris, world's largest rodent, LC status, South American wetlands/grasslands. Diet: aquatic plants, grasses, fruits — accurate. Conservation: habitat loss, hunting for meat/hides. Solid all-around performance.",2026-05-05 07:51:05
S0380,GBIF_Giraffa_camelopardalis_00,Giraffa camelopardalis,Giraffe,1,qwen35_9b,conservation,,0.3,0,forced_ehr0,5,5,5,5,5,"SERIAL: S0380
R_SPECIES: 5
R_HABITAT: 5
R_DIET: 5
R_IUCN: 5
R_OVERALL: 5
NOTES: Mother and calf giraffe image. Excellent story: correct scientific name Giraffa camelopardalis, VU status, 18 countries across Africa, acacia browse diet, ossicone description, 40% decline over 30 years, 117k individuals, loss of 30% range. Comprehensive and accurate on all dimensions.",2026-05-05 07:51:05
S0381,iNat_Panthera_onca_00,Panthera onca,Jaguar,1,gemma3,childrens,,0.3,1,forced_ehr0,1,1,1,1,1,"SERIAL: S0381
R_SPECIES: 1
R_HABITAT: 1
R_DIET: 1
R_IUCN: 1
R_OVERALL: 1
NOTES: B&W night camera trap image of jaguar. Model generates children's story about ""North American Gray Squirrel (Pip)"" — completely wrong species, habitat, diet, and IUCN. Total hallucination failure. gemma3 on children's format appears to generate arbitrary story disconnected from image content.",2026-05-05 07:51:05
S0382,GBIF_Alligator_mississippiensis_01,Alligator mississippiensis,American alligator,4,gemma4_8b,conservation,,0.3,1,forced_shr1,2,2,1,2,1,"SERIAL: S0382
R_SPECIES: 2
R_HABITAT: 2
R_DIET: 1
R_IUCN: 2
R_OVERALL: 1
NOTES: GBIF image of alligator partially submerged in murky green water. Model hedges completely: ""cannot definitively identify the species"" and ""the image does not provide enough detail."" Gives generic crocodilian boilerplate — mentions both alligators and crocodiles without committing. Diet section absent/generic. IUCN LC mentioned vaguely. Refusal-to-identify pattern despite clear alligator visible.",2026-05-05 07:51:05
S0383,GBIF_Crocodylus_niloticus_02,Crocodylus niloticus,Nile crocodile,4,qwen3vl8b,factual,,0.7,1,forced_evasion,1,1,3,1,1,"SERIAL: S0383
R_SPECIES: 1
R_HABITAT: 1
R_DIET: 3
R_IUCN: 1
R_OVERALL: 1
NOTES: Image shows Nile crocodile (Crocodylus niloticus) head at water surface. Model identified as Crocodylus porosus (saltwater crocodile) — wrong species. Entire habitat description places it in SE Asia/Oceania/Australia instead of Africa. Diet (ambush predator, fish/mammals) is reasonable for any large crocodilian. IUCN not reached — text truncated at 1134 chars mid-sentence. Tier4 visually confusable: Nile vs saltwater crocodile are similar morphologically, but geographic context should differ. TEXT TRUNCATED.",2026-05-05 07:52:59
S0384,GBIF_Loxodonta_africana_02,Loxodonta africana,African elephant,4,gemma4_8b,childrens,,0.3,2,forced_ehr0,3,4,4,1,3,"SERIAL: S0384
R_SPECIES: 3
R_HABITAT: 4
R_DIET: 4
R_IUCN: 1
R_OVERALL: 3
NOTES: Image shows African elephant from behind, trunk raised, large ears visible against wooded backdrop. Model writes children's story about ""Barnaby"" in savanna — correct habitat, correct physical description (big grey body, trunk). Diet: ""pulling up leaves and grasses"" — reasonable for elephant. No scientific name given, no IUCN status mentioned (only vague ""needs protection""). Tier4 visually confusable: large ears confirm African vs Asian species — model did not address distinction explicitly.",2026-05-05 07:52:59
S0385,iNat_Addax_nasomaculatus_03,Addax nasomaculatus,Addax,3,ayavision,conservation,,0.7,2,forced_shr1,1,1,3,1,1,"SERIAL: S0385
R_SPECIES: 1
R_HABITAT: 1
R_DIET: 3
R_IUCN: 1
R_OVERALL: 1
NOTES: Image shows two pale/cream addax with distinctive spiral horns on red sandy soil near a tree — unmistakably addax. Model identifies as ""Grevy's antelope"" — not a real species name (Grevy's zebra exists, but not Grevy's antelope). Wrong species entirely. Habitat given as northern Kenya/southern Ethiopia — this is Grevy's zebra range; addax are Sahara/Sahel (Niger, Chad, Mali). IUCN: model says Endangered; actual is Critically Endangered (CR). Diet (grasses/shrubs) partially applicable to addax.",2026-05-05 07:52:59
S0386,iNat_Aquila_chrysaetos_02,Aquila chrysaetos,Golden eagle,4,ayavision,conservation,,0.7,0,forced_shr1,5,5,5,5,5,"SERIAL: S0386
R_SPECIES: 5
R_HABITAT: 5
R_DIET: 5
R_IUCN: 5
R_OVERALL: 5
NOTES: Close-up portrait of golden eagle — golden nape plumage, yellow cere, hooked beak clearly visible. Model correctly IDs as Golden Eagle (Aquila chrysaetos), LC status, Northern Hemisphere range (N America/Europe/Asia), open woodlands and mountain habitats. Diet: rabbits, rodents, larger prey — accurate. Threats: habitat loss, lead poisoning from ammunition, power line collisions — all accurate. Conservation framing solid. Excellent performance on all dimensions.",2026-05-05 07:52:59
S0387,iNat_Aquila_chrysaetos_01,Aquila chrysaetos,Golden eagle,4,qwen3vl8b,childrens,,0.7,1,stratified_random,5,4,4,1,4,"SERIAL: S0387
R_SPECIES: 5
R_HABITAT: 4
R_DIET: 4
R_IUCN: 1
R_OVERALL: 4
NOTES: Unusual image: golden eagle soaring alongside a white glider aircraft over hilly terrain. Model correctly identified both the eagle AND the glider, building the children's story around their aerial encounter — impressive contextual recognition. California mountains setting plausible. Diet: rabbits and snakes — accurate. ""Small birds"" as prey less common. No scientific name, no IUCN status (children's format). Creative story demonstrates accurate species ID despite challenging aerial/small-scale image context.",2026-05-05 07:52:59
S0388,iNat_Aquila_chrysaetos_01,Aquila chrysaetos,Golden eagle,4,gemma3,mythological,Celtic,0.3,0,forced_evasion,1,2,1,3,1,"SERIAL: S0388
R_SPECIES: 1
R_HABITAT: 2
R_DIET: 1
R_IUCN: 3
R_OVERALL: 1
NOTES: Same eagle+glider image as S0387. Model identified the bird as a ""Griffon Vulture"" — wrong species. Celtic myth about Aerion the Griffon Vulture in Serra da Estrela, Portugal. Iberian mountains are within golden eagle range but the whole story is for a different species. Diet: carrion (Griffon Vulture scavenging) — wrong for golden eagle which hunts live prey. IUCN: LC mentioned — correct for both species but stated for wrong species. R_IUCN=3 as accidentally correct. TEXT TRUNCATED.",2026-05-05 07:54:50
S0389,GBIF_Equus_quagga_02,Equus quagga,Plains zebra,1,qwen2vl2b,conservation,,0.3,2,forced_shr1,4,2,2,5,3,"SERIAL: S0389
R_SPECIES: 4
R_HABITAT: 2
R_DIET: 2
R_IUCN: 5
R_OVERALL: 3
NOTES: Very distant, small, blurry zebra barely visible in scrubby African savanna — challenging image. Model correctly identified as zebra despite poor image quality. LC status correctly stated with full IUCN name. Conservation threats: habitat loss and fragmentation — accurate. No geographic range mentioned (Africa/sub-Saharan). No explicit diet description, only ""grazing"" implied by image description. Very minimal ecological content (only 550 chars).",2026-05-05 07:54:50
S0390,iNat_Hydrochoerus_hydrochaeris_02,Hydrochoerus hydrochaeris,Capybara,2,gemma4_8b,childrens,,0.3,0,forced_evasion,1,1,1,1,1,"SERIAL: S0390
R_SPECIES: 1
R_HABITAT: 1
R_DIET: 1
R_IUCN: 1
R_OVERALL: 1
NOTES: Very dark, blurry, murky image of a capybara partially submerged in water — barrel-shaped body and flat-topped head faintly visible but image quality is extremely poor. Model wrote children's story about ""Barnaby the bear"" catching salmon in a forest river — completely wrong species, habitat, and diet. The dark blob in water may have resembled a bear to the model. No IUCN. gemma4_8b appears to default to bear stories when image is unclear (same ""Barnaby"" name used in S0384 for elephant).",2026-05-05 07:54:50
S0391,iNat_Alligator_mississippiensis_01,Alligator mississippiensis,American alligator,4,llava_interleave,mythological,Hindu,0.3,1,forced_shr1,1,1,1,1,1,"SERIAL: S0391
R_SPECIES: 1
R_HABITAT: 1
R_DIET: 1
R_IUCN: 1
R_OVERALL: 1
NOTES: Extraordinary image: underwater photo of a hatchling American alligator suspended with all four limbs spread and tail curled — looks genuinely mythological/prehistoric. Model took the Hindu mythology prompt literally and wrote about ""the Naga"" (Hindu serpent deity) in the deep ocean. No attempt to identify the actual species. Habitat: deep ocean/coral reefs — wrong (alligator is freshwater SE USA). Diet: aquatic plants — wrong. Conservation status truncated mid-sentence. Interestingly, the image could genuinely inspire Naga mythology but the ecological content is entirely fabricated.",2026-05-05 07:54:50
S0392,GBIF_Alligator_mississippiensis_01,Alligator mississippiensis,American alligator,4,llava_interleave,conservation,,0.3,2,forced_shr1,1,2,1,1,1,"SERIAL: S0392
R_SPECIES: 1
R_HABITAT: 2
R_DIET: 1
R_IUCN: 1
R_OVERALL: 1
NOTES: GBIF image of alligator barely visible as a dark outline through dense reeds/grass in murky green water — very obstructed view. Model identified as ""a reptile, likely a lizard or a small dragon"" — poor ID due to image obstruction. Habitat: freshwater wetland, temperate climate — partially correct type. Diet: not described. IUCN: explicitly states ""not listed on the IUCN Red List"" — incorrect, A. mississippiensis is LC. llava_interleave struggles with heavily occluded images.",2026-05-05 07:54:50
S0393,iNat_Ambystoma_mexicanum_01,Ambystoma mexicanum,Axolotl,2,qwen2vl2b,mythological,West African (Yoruba),0.3,2,forced_shr1,1,1,2,1,1,"SERIAL: S0393
R_SPECIES: 1
R_HABITAT: 1
R_DIET: 2
R_IUCN: 1
R_OVERALL: 1
NOTES: Image shows dark wild-type axolotl in a glass container with greenish water — external feathery gills clearly visible, four clawed limbs, long tail. Model produced a Yoruba myth about a ""Water Dragon"" — no axolotl identification. Habitat not geographically specified (should be Lake Xochimilco, Mexico City). Diet: fish, small aquatic creatures, plants — partially applicable (axolotls eat worms, insects, small fish; plants less so). IUCN CR not reached — text truncated. TEXT TRUNCATED.",2026-05-05 07:56:48
S0394,iNat_Ailuropoda_melanoleuca_02,Ailuropoda melanoleuca,Giant panda,1,gemma4_8b,factual,,0.7,0,forced_shr1,5,5,5,1,4,"SERIAL: S0394
R_SPECIES: 5
R_HABITAT: 5
R_DIET: 5
R_IUCN: 1
R_OVERALL: 4
NOTES: Camera trap image of giant panda in bamboo forest with snow on ground — clear black-and-white markings. Model produces excellent factual report: correct scientific name Ailuropoda melanoleuca, full taxonomy (Ursidae), temperate mountain forests of central China, 1200-3500m elevation, dense bamboo understory, bamboo-heavy diet with occasional rodent supplement, solitary behavior. Text truncated at 1675 chars before IUCN section — VU status never stated. TEXT TRUNCATED.",2026-05-05 07:56:48
S0395,iNat_Arctictis_binturong_01,Arctictis binturong,Binturong,2,gemma3,childrens,,0.7,2,forced_shr1,5,5,5,5,5,"SERIAL: S0395
R_SPECIES: 5
R_HABITAT: 5
R_DIET: 5
R_IUCN: 5
R_OVERALL: 5
NOTES: Night photo of binturong peering through tropical foliage — eyes glowing, dark shaggy fur, round bear-cat face visible. Model correctly IDs as Binturong (bearcat), SE Asia rainforests (Indonesia/Malaysia/Thailand). Omnivore diet: figs, mangoes, insects, small animals, eggs — accurate. IUCN VU correctly stated. Bonus: correctly notes binturong is the only mammal that smells like popcorn (2-acetyl-1-pyrroline scent). Well-rounded and factually accurate children's story.",2026-05-05 07:56:48
S0396,iNat_Addax_nasomaculatus_03,Addax nasomaculatus,Addax,3,llava16,conservation,,0.7,2,stratified_random,2,2,2,1,2,"SERIAL: S0396
R_SPECIES: 2
R_HABITAT: 2
R_DIET: 2
R_IUCN: 1
R_OVERALL: 2
NOTES: Same addax image (Addax_nasomaculatus_03.jpg) — two pale antelopes with spiral horns on red sandy soil. Model identifies as ""antelopes, often referred to as oryx"" — wrong genus (addax is Addax not Oryx). Discusses Arabian Oryx (EN) and Scimitar-horned Oryx (VU) IUCN statuses instead of Addax (CR). Habitat: arid Africa, savannas/grasslands — directionally correct but addax are specifically Saharan/hyperarid, not savanna. Threats (habitat loss, poaching) relevant. Diet not explicitly stated. CR status not mentioned.",2026-05-05 07:56:48
S0397,iNat_Panthera_pardus_orientalis_00,Panthera pardus orientalis,Amur leopard,3,qwen2vl2b,conservation,,0.7,1,forced_shr1,3,4,1,1,2,"SERIAL: S0397
R_SPECIES: 3
R_HABITAT: 4
R_DIET: 1
R_IUCN: 1
R_OVERALL: 2
NOTES: Camera trap of Amur leopard (Panthera pardus orientalis) lying on snow-patched hillside against bare deciduous hills — large rosettes and thick golden coat visible. Model correctly identifies as a leopard on snowy mountain habitat. No subspecies identification (Amur/Far Eastern). IUCN: says ""likely Endangered or Vulnerable"" — actual is CR (Critically Endangered). Mentions 90% range loss — accurate for Amur leopard context. Diet not mentioned at all. Threat: African swine fever affecting prey is a stretch as primary leopard threat.",2026-05-05 07:56:48
S0398,iNat_Panthera_onca_03,Panthera onca,Jaguar,1,llava_interleave,childrens,,0.3,0,stratified_random,5,4,3,1,3,"SERIAL: S0398
R_SPECIES: 5
R_HABITAT: 4
R_DIET: 3
R_IUCN: 1
R_OVERALL: 3
NOTES: Image shows two jaguars on a sandy riverbank (Pantanal-style) — one crouching/pouncing, one with open mouth showing teeth. Rosettes clearly visible. Model correctly IDs as jaguar, tropical South America habitat (mentions sandy beaches and lush forests — consistent with Pantanal). Carnivore with sharp teeth/claws — correct but no specific prey species. Says ""not an endangered species"" — WRONG, jaguar is VU. Deforestation/human encroachment threats mentioned correctly.",2026-05-05 07:58:57
S0399,iNat_Ambystoma_mexicanum_01,Ambystoma mexicanum,Axolotl,2,qwen35_9b,factual,,0.3,2,forced_evasion,5,5,1,1,3,"SERIAL: S0399
R_SPECIES: 5
R_HABITAT: 5
R_DIET: 1
R_IUCN: 1
R_OVERALL: 3
NOTES: Same dark wild-type axolotl image (glass container with greenish water). Model correctly IDs as Ambystoma mexicanum, endemic to Valley of Mexico/Lake Xochimilco canals, permanently aquatic (no metamorphosis), high turbidity/low oxygen freshwater. Excellent habitat detail including pH range (6.5-7.5) and dissolved sulfate/nitrate levels. TEXT TRUNCATED at 1009 chars mid-word (""omniv..."") — diet and IUCN (CR) sections never reached. Impressive species ID despite unusual container/captive setting.",2026-05-05 07:58:57
S0400,iNat_Ursus_americanus_02,Ursus americanus,American black bear,4,qwen35_9b,factual,,0.3,0,forced_shr1,5,4,1,1,3,"SERIAL: S0400
R_SPECIES: 5
R_HABITAT: 4
R_DIET: 1
R_IUCN: 1
R_OVERALL: 3
NOTES: Close-up portrait of American black bear with distinctive yellowish-gold muzzle and face — black fur, rounded ears. Model correctly identifies Ursus americanus and specifically cites the yellowish-gold muzzle as a definitive field mark separating it from Ursus arctos (brown bear). Habitat types correct (deciduous/coniferous forests, mixed woodlands). TEXT TRUNCATED at 1123 chars — geographic range and diet/IUCN sections not reached. Excellent field mark analysis for tier4 visually confusable species.",2026-05-05 07:58:57
S0401,iNat_Setonix_brachyurus_01,Setonix brachyurus,Quokka,2,qwen35_9b,factual,,0.7,0,forced_shr1,5,4,2,1,3,"SERIAL: S0401
R_SPECIES: 5
R_HABITAT: 4
R_DIET: 2
R_IUCN: 1
R_OVERALL: 3
NOTES: Quokka on paved area with joey clearly visible in pouch, human shoe visible in background. Model correctly IDs as Setonix brachyurus (quokka), notes female with joey in pouch, Rottnest Island endemic, heathlands/woodlands/coastal shrubland habitat. Notes the paved/anthropogenic setting. Mainland WA populations not mentioned (minor gap). Diet begins ""grasses,"" but TEXT TRUNCATED at 1025 chars — full diet and VU status not reached.",2026-05-05 07:58:57
S0402,iNat_Equus_quagga_01,Equus quagga,Plains zebra,1,llava16,childrens,,0.7,0,stratified_random,1,3,1,1,1,"SERIAL: S0402
R_SPECIES: 1
R_HABITAT: 3
R_DIET: 1
R_IUCN: 1
R_OVERALL: 1
NOTES: Image shows a very young Plains zebra foal with unusual spotted brown coat and faint emerging leg stripes — genuinely confusable with other species at this developmental stage. Model wrote children's story about ""Impy"" the impala with ""brown and white spots"" — wrong species, possibly confused by the foal's atypical appearance. Serengeti savanna setting correct for zebra range. No IUCN. Note: mentions zebras as Impy's friends, suggesting model saw zebra-like elements but still chose impala as protagonist.",2026-05-05 07:58:57
S0403,iNat_Loxodonta_africana_02,Loxodonta africana,African elephant,4,qwen25vl,conservation,,0.7,0,forced_shr1,5,4,2,5,4,"SERIAL: S0403
R_SPECIES: 5
R_HABITAT: 4
R_DIET: 2
R_IUCN: 5
R_OVERALL: 4
NOTES: Elephant from behind, large ears, wooded backdrop — confirmed African elephant. Model: correct Loxodonta africana, VU status, 47 African countries, savannas/grasslands/woodland habitats, acacia trees. Minor geographic error: ""Cape Horn"" is in South America — should be Cape of Good Hope (southern Africa). Threats: poaching for ivory, habitat loss from agriculture/urban expansion — accurate. Diet: only vaguely mentions ""grazing areas"" — no specific diet breakdown (elephant is a browser+grazer). Strong IUCN and species performance.",2026-05-05 08:00:42
S0404,GBIF_Alligator_mississippiensis_01,Alligator mississippiensis,American alligator,4,gemma4_8b,factual,,0.3,1,forced_shr1,1,1,2,1,1,"SERIAL: S0404
R_SPECIES: 1
R_HABITAT: 1
R_DIET: 2
R_IUCN: 1
R_OVERALL: 1
NOTES: Same obstructed GBIF alligator image through dense reeds. Model identified as Saltwater Crocodile (Crocodylus porosus) — wrong species. Habitat: Northern Australia, SE Asia, estuarine/mangrove — completely wrong (should be SE USA freshwater wetlands). Diet: marine mammals, sea turtles, large fish — wrong for American alligator. IUCN not reached (truncated). gemma4_8b consistently misidentifies this image as Crocodylus porosus due to poor visibility through vegetation.",2026-05-05 08:00:42
S0405,iNat_Probosciger_aterrimus_02,Probosciger aterrimus,Palm cockatoo,2,gemma4_8b,conservation,,0.3,2,forced_shr1,1,1,1,1,1,"SERIAL: S0405
R_SPECIES: 1
R_HABITAT: 1
R_DIET: 1
R_IUCN: 1
R_OVERALL: 1
NOTES: Stunning clear image of palm cockatoo (Probosciger aterrimus) perched on bare branch against blue sky — glossy black plumage, dramatic spiky crest, vivid red facial patch near beak. Unmistakably a palm cockatoo. Model produced a hedged placeholder report — described bird as ""strongly resembling a Hornbill or Corvidae"" — completely wrong. Produced a template with [bracketed placeholders] rather than actual content. No species ID, no habitat, no diet, no IUCN. gemma4_8b failure on distinctive tropical bird.",2026-05-05 08:00:42
S0406,iNat_Probosciger_aterrimus_02,Probosciger aterrimus,Palm cockatoo,2,llava16,conservation,,0.3,2,forced_shr1,1,1,2,2,1,"SERIAL: S0406
R_SPECIES: 1
R_HABITAT: 1
R_DIET: 2
R_IUCN: 2
R_OVERALL: 1
NOTES: Same clear palm cockatoo image. Model identified as ""Black-headed Grosbeak (Pheucticus melanocephalus)"" — a tiny North American songbird vs a large (55cm) black cockatoo. Geographic range: eastern US/Canada — wrong (palm cockatoo is New Guinea/Cape York Peninsula, Australia). Diet: insects, seeds, fruits — partially applicable (palm cockatoo eats seeds/fruits but not insects). IUCN LC — accidentally correct (both species are LC but for completely different reasons). llava16 completely failed on this distinctive species.",2026-05-05 08:00:42
S0407,iNat_Panthera_tigris_tigris_04,Panthera tigris tigris,Bengal tiger,1,gemma3,childrens,,0.3,2,forced_shr1,5,4,5,4,5,"SERIAL: S0407
R_SPECIES: 5
R_HABITAT: 4
R_DIET: 5
R_IUCN: 4
R_OVERALL: 5
NOTES: Image shows a golden-morph Bengal tiger lying on a forest road in lush Indian forest — rare pale/golden color variant with reduced pigmentation. Model correctly identified as Bengal tiger, Sundarbans (India/Bangladesh) mangrove habitat, deer/wild pigs/crocodiles diet, solitary and ambush hunter. IUCN: says ""endangered"" — correct (EN). TEXT TRUNCATED mid-sentence before completing the endangered context. Habitat noted as Sundarbans specifically — one key Bengal tiger habitat (other reserves exist). Model did not comment on unusual golden coloration. Excellent overall.",2026-05-05 08:00:42
S0408,GBIF_Ursus_arctos_01,Ursus arctos,Grizzly bear,4,qwen2vl2b,mythological,Ancient Greek,0.7,1,forced_ehr0,1,1,1,1,1,"SERIAL: S0408
R_SPECIES: 1
R_HABITAT: 1
R_DIET: 1
R_IUCN: 1
R_OVERALL: 1
NOTES: PAW PRINT IMAGE: Grizzly bear track in snow — clear single paw print impression visible. Model generated Ancient Greek myth about a ""Snowshoe Hare"" — completely unrelated species. Snowy setting may have prompted hare association. No ecological content applicable to grizzly bear. Diet (small plants and insects for hare) wrong for an omnivorous bear. IUCN not mentioned. Another example of model hallucination when confronted with track/paw-print images rather than the animal itself.",2026-05-05 08:03:03
S0409,iNat_Panthera_onca_02,Panthera onca,Jaguar,1,qwen25vl,factual,,0.3,2,forced_shr1,5,5,5,1,4,"SERIAL: S0409
R_SPECIES: 5
R_HABITAT: 5
R_DIET: 5
R_IUCN: 1
R_OVERALL: 4
NOTES: PAW PRINT IMAGE: Jaguar track on rocky/sandy ground with labeled ruler reading ""JAGUAR / AZ / 5/8/07"" — model likely read text label to identify species. Produced full factual story about Panthera onca. Habitat: forests/grasslands/swamps/deserts across South America/Central America/Mexico/SW USA — accurate including Arizona provenance. Diet: deer, peccary, wild boar — correct. IUCN: states ""Near Threatened"" — WRONG, jaguar is VU. qwen25vl reads visible text labels but misremembers IUCN status.",2026-05-05 08:03:03
S0410,iNat_Equus_quagga_04,Equus quagga,Plains zebra,1,qwen25vl,factual,,0.7,0,forced_shr1,5,5,5,1,4,"SERIAL: S0410
R_SPECIES: 5
R_HABITAT: 5
R_DIET: 5
R_IUCN: 1
R_OVERALL: 4
NOTES: Very unusual dark/melanistic Plains zebra foal with spotted and partially-striped dark coat — atypical morph. Model correctly identified as ""zebra foal, specifically a plains zebra foal (Equus quagga)"" — impressive given the unusual appearance. Eastern/southern Africa savannas/grasslands, correct countries. Diet: grasses, four-compartment stomach detail — excellent. Social structure (harems/herds) accurate. IUCN: states ""Near Threatened"" — WRONG, plains zebra is LC. qwen25vl consistently misclassifies zebra IUCN status.",2026-05-05 08:03:03
S0411,iNat_Rhinoceros_unicornis_00,Rhinoceros unicornis,Indian rhinoceros,1,idefics3,mythological,West African (Yoruba),0.3,2,forced_shr1,4,1,3,1,2,"SERIAL: S0411
R_SPECIES: 4
R_HABITAT: 1
R_DIET: 3
R_IUCN: 1
R_OVERALL: 2
NOTES: Striking image of young Indian rhinoceros (Rhinoceros unicornis) walking on a concrete sidewalk in a Nepali/Indian town — shops, power lines, and buildings visible. Urban wildlife encounter near protected area boundary. Model wrote Yoruba myth placing rhino in ""West Africa, forests and savannas"" — wrong continent (should be South Asian grasslands/floodplains). Correctly identified as rhinoceros (no scientific name). Diet: grasses and leaves — partially correct (Indian rhino primarily grazes tall grasses). IUCN (VU) not stated — text truncated. Mythology format biased geographic placement.",2026-05-05 08:03:03
S0412,iNat_Strigops_habroptila_00,Strigops habroptila,Kakapo,3,qwen2vl2b,factual,,0.7,0,forced_evasion,4,2,1,1,1,"SERIAL: S0412
R_SPECIES: 4
R_HABITAT: 2
R_DIET: 1
R_IUCN: 1
R_OVERALL: 1
NOTES: Night photo of kakapo — large rotund green/yellow mottled parrot clinging to branches, distinctive owl-like facial disc visible. Model correctly named as Kakapo (Strigops habroptilus). Critical errors: (1) Diet described as insects, spiders, small mammals — COMPLETELY WRONG; kakapo is a strict herbivore eating plants, berries, seeds, nuts, fungi. (2) ""ability to fly short distances"" — COMPLETELY WRONG; kakapo is famously the world's only flightless parrot. (3) Habitat: mainland North/South Island — outdated; kakapos now confined to predator-free offshore islands. IUCN (EN) not reached due to truncation. TEXT TRUNCATED.",2026-05-05 08:03:03
S0413,iNat_Addax_nasomaculatus_02,Addax nasomaculatus,Addax,3,qwen3vl8b,factual,,0.3,1,forced_evasion,4,5,5,1,4,"SERIAL: S0413
R_SPECIES: 4
R_HABITAT: 5
R_DIET: 5
R_IUCN: 1
R_OVERALL: 4
NOTES: Single addax standing in scrubby semi-arid landscape, rocky mountains backdrop — white/cream coat, dark spiral horns, tracking collar visible. Model correctly identified as ""Addax antelope"" — correct common name. Scientific name given as ""Addax nasum"" — wrong (correct is Addax nasomaculatus). Habitat: Sahel/Sahara, hyper-arid, Niger/Mali/Chad/Libya/Algeria — excellent. Diet: grasses, shrubs, succulents, Acacia, dawn/dusk feeding, moisture from food — excellent. IUCN (CR) not reached — TEXT TRUNCATED after ""crepuscular.""",2026-05-05 08:05:14
S0414,GBIF_Alligator_mississippiensis_01,Alligator mississippiensis,American alligator,4,gemma4_8b,mythological,West African (Yoruba),0.3,1,forced_shr1,2,3,2,1,2,"SERIAL: S0414
R_SPECIES: 2
R_HABITAT: 3
R_DIET: 2
R_IUCN: 1
R_OVERALL: 2
NOTES: Same obstructed GBIF alligator through dense reeds. Model produced rich, atmospheric Yoruba myth about a ""Crocodile"" (Iguana-Igi) — correct order (Crocodilia) but wrong at species level (alligator vs crocodile). The storyteller Adekunle narrative captures the semi-aquatic ambush predator nature accurately. Habitat: rivers of the forest — generic but partially applicable. Diet: silent hunter of the river — implied carnivore but not specified. IUCN not stated. Mythological format produces creative content but obscures ecological accuracy.",2026-05-05 08:05:14
S0415,iNat_Rhincodon_typus_01,Rhincodon typus,Whale shark,2,gemma4_8b,conservation,,0.7,0,forced_shr1,1,1,1,1,1,"SERIAL: S0415
R_SPECIES: 1
R_HABITAT: 1
R_DIET: 1
R_IUCN: 1
R_OVERALL: 1
NOTES: Genuinely very poor quality image — blurry, dark silhouette of what appears to be a small whale shark with a human hand touching it, severely overexposed. The dark shark shape and broad flat head are whale-shark-characteristic but barely discernible. Model correctly described the image as poorly lit with indistinct shape and human hand, then refused to identify. Produced a bracketed template. Model refusal is understandable given image quality. IUCN (EN) not stated. gemma4_8b more likely to refuse than attempt identification.",2026-05-05 08:05:14
S0416,iNat_Strigops_habroptila_03,Strigops habroptila,Kakapo,3,idefics3,childrens,,0.7,0,forced_evasion,1,1,1,1,1,"SERIAL: S0416
R_SPECIES: 1
R_HABITAT: 1
R_DIET: 1
R_IUCN: 1
R_OVERALL: 1
NOTES: Beautiful high-quality photo of kakapo with wings spread, climbing up a mossy tree trunk — green/yellow mottled plumage, distinctive owl-like face, vestigial wings spread for balance clearly visible. Unmistakably a kakapo. Model wrote children's story about ""Olwen"" the owl — flying at night, eating rats and mice. Wrong species, wrong flight ability (kakapo is the world's only flightless parrot), wrong diet (strict herbivore). No IUCN. idefics3 completely failed on this distinctive species.",2026-05-05 08:05:14
S0417,iNat_Diceros_bicornis_04,Diceros bicornis,Black rhino,3,gemma4_8b,factual,,0.3,2,forced_shr1,1,3,1,1,1,"SERIAL: S0417
R_SPECIES: 1
R_HABITAT: 3
R_DIET: 1
R_IUCN: 1
R_OVERALL: 1
NOTES: Black rhino running/trotting across muddy floodplain with water and grassland visible. The pointed/hooked prehensile upper lip (diagnostic for black rhino browser) is visible. Model identified as White Rhinoceros (Ceratotherium simum) — wrong species. Key errors: (1) White rhino has square lip (grazer) vs black rhino pointed lip (browser) — model said grazer diet, wrong. (2) IUCN: states VU for white rhino — actual black rhino is CR (Critically Endangered, much more threatened). (3) White rhinos are more social; black rhinos are more solitary. gemma4_8b misidentified the black/white rhino distinction.",2026-05-05 08:05:14
S0418,GBIF_Loxodonta_africana_00,Loxodonta africana,African elephant,4,gemma3,childrens,,0.7,1,forced_ehr0,5,5,5,1,4,"SERIAL: S0418
R_SPECIES: 5
R_HABITAT: 5
R_DIET: 5
R_IUCN: 1
R_OVERALL: 4
NOTES: Family of three African elephants (adult with tusks + two younger) in lush green woodland — large ears clearly visible, classic African elephant. Model correctly identifies as Loxodonta africana, Southern Africa (Botswana/Zimbabwe/South Africa), up to 16h/day eating grasses/leaves/bark/fruit, matriarch-led family groups, seismic vibration sensing through feet. Excellent ecological detail for a children's story. IUCN (VU) not reached — TEXT TRUNCATED mid-sentence. TEXT TRUNCATED.",2026-05-05 08:07:15
S0419,iNat_Giraffa_camelopardalis_04,Giraffa camelopardalis,Giraffe,1,gemma4_8b,conservation,,0.3,0,forced_evasion,4,4,1,1,2,"SERIAL: S0419
R_SPECIES: 4
R_HABITAT: 4
R_DIET: 1
R_IUCN: 1
R_OVERALL: 2
NOTES: Spectacular aerial photograph of approximately 25 giraffes running across open green savanna with scattered acacia trees. Model correctly identifies Giraffa camelopardalis with appropriate subspecies caveat. Habitat: sub-Saharan African savannas/woodlands — correct. Critical IUCN error: states giraffes are ""Least Concern (LC) globally"" — WRONG, Giraffa camelopardalis is listed as VU (Vulnerable). Diet section not reached — TEXT TRUNCATED at 1803 chars. The LC error is a significant factual mistake for a tier1 iconic species.",2026-05-05 08:07:15
S0420,iNat_Strigops_habroptila_01,Strigops habroptila,Kakapo,3,llava16,mythological,East Asian (Chinese/Japanese),0.3,0,forced_shr1,1,1,1,1,1,"SERIAL: S0420
R_SPECIES: 1
R_HABITAT: 1
R_DIET: 1
R_IUCN: 1
R_OVERALL: 1
NOTES: Night photo of kakapo drinking from a dark reddish forest pool — green/yellow mottled plumage, bill touching water, reflection clearly visible. Beautiful and distinctive image. Model wrote East Asian mythological story about the Japanese ""Kappa"" (water spirit with frog head) — no kakapo identification. The pool-drinking posture may have triggered water-creature associations. No species ID, no NZ habitat, no herbivore diet, no EN status. llava16 completely failed on kakapo identification again.",2026-05-05 08:07:15
S0421,iNat_Gorilla_beringei_beringei_03,Gorilla beringei beringei,Mountain gorilla,3,ayavision,mythological,Celtic,0.3,2,forced_evasion,4,3,4,1,3,"SERIAL: S0421
R_SPECIES: 4
R_HABITAT: 3
R_DIET: 4
R_IUCN: 1
R_OVERALL: 3
NOTES: Close-up of silverback mountain gorilla eating a leaf — sagittal crest visible, dark fur with silver back tinge, lush green forest vegetation in background. Model Celtic myth correctly identifies as gorilla, Africa, eats ""verdant leaves and fruits"" — accurate for mountain gorilla diet. Habitat: ""dense jungles of Africa"" — imprecise; mountain gorillas are in high-altitude montane cloud forests (2000-4500m) of Uganda/Rwanda/DRC Virunga/Bwindi, not tropical lowland jungle. No scientific name. EN status not mentioned. Conservation threat from human encroachment mentioned.",2026-05-05 08:07:15
S0422,iNat_Ailuropoda_melanoleuca_02,Ailuropoda melanoleuca,Giant panda,1,gemma4_8b,conservation,,0.7,0,forced_shr1,5,5,5,5,5,"SERIAL: S0422
R_SPECIES: 5
R_HABITAT: 5
R_DIET: 5
R_IUCN: 5
R_OVERALL: 5
NOTES: Same panda camera trap image. Excellent conservation report: correct scientific name Ailuropoda melanoleuca, VU status correctly stated, endemic to Sichuan/Shaanxi/Gansu mountain ranges (very specific and accurate), bamboo dietary specialization and mass die-off vulnerability, habitat fragmentation as primary threat, climate change impact on bamboo distribution, exemplary protected area network conservation. Most comprehensive and accurate panda report in the dataset. gemma4_8b excels at conservation format for charismatic megafauna.",2026-05-05 08:07:15
S0423,GBIF_Equus_quagga_01,Equus quagga,Plains zebra,1,qwen2vl2b,conservation,,0.3,1,forced_shr1,1,3,1,1,1,"SERIAL: S0423
R_SPECIES: 1
R_HABITAT: 3
R_DIET: 1
R_IUCN: 1
R_OVERALL: 1
NOTES: Same blurry, distant GBIF Plains zebra image (tiny zebra in scrubby savanna). Model identified as ""Grevy's zebra"" — wrong species (labeled as Plains zebra, Equus quagga). Also gets IUCN wrong: says Grevy's zebra is ""Vulnerable"" — actual Grevy's is EN, but the labeled species (Plains zebra) is LC. East Africa grasslands/savannas mentioned — directionally correct. No diet mentioned. Double error: wrong species AND wrong IUCN for the wrong species.",2026-05-05 08:09:07
S0424,iNat_Arctictis_binturong_04,Arctictis binturong,Binturong,2,qwen3vl8b,factual,,0.3,0,forced_evasion,5,5,3,1,4,"SERIAL: S0424
R_SPECIES: 5
R_HABITAT: 5
R_DIET: 3
R_IUCN: 1
R_OVERALL: 4
NOTES: Night photo of binturong in tropical forest canopy — dark fur, glowing red eye-shine, among green leaves. Clearly identifiable. Model correctly IDs as Arctictis binturong with taxonomy note. SE Asia range: Malaysia/Thailand/Indonesia/Vietnam/Cambodia/India — detailed and accurate. Diet: primarily frugivorous, figs/mangoes — correct start. TEXT TRUNCATED at 942 chars after ""Leaves, bark"" — omnivore diet section incomplete and VU status not reached.",2026-05-05 08:09:07
S0425,iNat_Equus_quagga_01,Equus quagga,Plains zebra,1,qwen25vl,mythological,West African (Yoruba),0.3,1,forced_shr1,1,3,3,1,1,"SERIAL: S0425
R_SPECIES: 1
R_HABITAT: 3
R_DIET: 3
R_IUCN: 1
R_OVERALL: 1
NOTES: Same blurry distant Plains zebra (iNaturalist version). Yoruba myth about ""the Zebu"" — Zebu is domesticated cattle (Bos indicus), not a zebra. Model mentions ""stripes"" suggesting it saw stripes in the image but misidentified. Habitat: African savannas — correct for zebra. Diet: acacia leaves and juicy grasses — partially applicable to zebras (grazers). No IUCN mentioned. The zebra/zebu confusion may stem from phonetic similarity or visual uncertainty at the scale of the blurry image.",2026-05-05 08:09:07
S0426,iNat_Balaenoptera_musculus_02,Balaenoptera musculus,Blue whale,3,qwen2vl2b,childrens,,0.3,0,forced_shr1,4,3,1,1,2,"SERIAL: S0426
R_SPECIES: 4
R_HABITAT: 3
R_DIET: 1
R_IUCN: 1
R_OVERALL: 2
NOTES: Stunning underwater shot of blue whale near surface — enormous mottled blue-grey body with pectoral fin visible, light streaming through water. Unmistakably a blue whale. Model correctly identified as ""blue whale"" and notes ""largest mammals on Earth."" Habitat: ""deep, dark ocean"" — vague but broadly correct (blue whales are ocean-wide). Diet: story is about ""helping small fish swim"" — completely fabricated. Blue whales are filter feeders eating krill (Euphausiidae), not fish. No IUCN (EN) mentioned.",2026-05-05 08:09:07
S0427,iNat_Diceros_bicornis_02,Diceros bicornis,Black rhino,3,qwen2vl2b,factual,,0.3,1,forced_shr1,5,4,3,5,3,"SERIAL: S0427
R_SPECIES: 5
R_HABITAT: 4
R_DIET: 3
R_IUCN: 5
R_OVERALL: 3
NOTES: Dramatic photo of mother black rhino with very young calf in dusty acacia bushveld — approaching camera, pointed prehensile upper lip (browser) visible. Model correctly identifies as Black Rhino (Diceros bicornis), CR correctly stated. Sub-Saharan Africa (Kenya/Tanzania/South Africa) correct. Diet errors: says ""grasses"" alongside shrubs/leaves — black rhino is a BROWSER not grazer; grasses are white rhino diet. Behavior errors: ""social animals in groups called harems"" (wrong — solitary), ""trumpeting calls"" (wrong — more snorts/grunts). Horn description as ""long, curved"" is also imprecise.",2026-05-05 08:09:07
S0428,iNat_Giraffa_camelopardalis_00,Giraffa camelopardalis,Giraffe,1,gemma4_8b,conservation,,0.3,2,forced_evasion,5,5,1,5,4,"SERIAL: S0428
R_SPECIES: 5
R_HABITAT: 5
R_DIET: 1
R_IUCN: 5
R_OVERALL: 4
NOTES: Beautiful image of mother giraffe bending neck down to touch/nuzzle calf in open savanna with scattered brush. Model produces excellent conservation report: correct Giraffa camelopardalis, VU status correctly stated (contrasting with S0419 where same model said LC), Sub-Saharan Africa, subspecies-specific complexity noted, habitat fragmentation/poaching/conflict threats detailed. TEXT TRUNCATED before diet section — acacia browse not described. gemma4_8b inconsistent on giraffe IUCN: LC in S0419, correctly VU here.",2026-05-05 08:11:10
S0429,iNat_Probosciger_aterrimus_02,Probosciger aterrimus,Palm cockatoo,2,gemma4_8b,factual,,0.3,2,forced_shr1,1,1,2,1,1,"SERIAL: S0429
R_SPECIES: 1
R_HABITAT: 1
R_DIET: 2
R_IUCN: 1
R_OVERALL: 1
NOTES: Same clear palm cockatoo image (black plumage, red facial patch, spectacular crest, against blue sky). Model identified as ""Red-crested Turaco (Tauraco erythrolophus)"" — completely wrong. Turacos are medium-sized African birds, not large black cockatoos. Habitat: West/Central Africa rainforests — wrong (palm cockatoo is New Guinea/Cape York Australia). Diet: frugivorous/insectivorous — fruits partially applicable (palm cockatoo eats seeds/nuts/fruits). IUCN not reached (truncated). gemma4_8b repeatedly fails on this distinctive species across multiple attempts.",2026-05-05 08:11:10
S0430,iNat_Ursus_arctos_03,Ursus arctos,Grizzly bear,4,gemma3,conservation,,0.7,0,forced_evasion,5,5,4,5,5,"SERIAL: S0430
R_SPECIES: 5
R_HABITAT: 5
R_DIET: 4
R_IUCN: 5
R_OVERALL: 5
NOTES: Iconic image: wet grizzly bear standing upright inspecting camera on tripod in North American forest — ""Let's BAN trophy hunting!"" text overlay visible. Model correctly identified as Ursus arctos horribilis (grizzly bear), LC status correctly noted with appropriate caveat (""deceptive"" — populations reduced from historical range). Alaska/Canada/NW USA range — correct. Diet: salmon runs specifically cited as vital food source — accurate and specific. Trophy hunting threat woven from image overlay. Model read image text and incorporated it naturally.",2026-05-05 08:11:10
S0431,iNat_Ailuropoda_melanoleuca_02,Ailuropoda melanoleuca,Giant panda,1,gemma4_8b,mythological,Hindu,0.7,0,forced_shr1,5,4,3,1,4,"SERIAL: S0431
R_SPECIES: 5
R_HABITAT: 4
R_DIET: 3
R_IUCN: 1
R_OVERALL: 4
NOTES: Same panda camera trap image. Hindu myth about the ""Moon-Masked Wanderer."" Notably, the scientific name Ailuropoda melanoleuca is explicitly stated within the myth itself. Bamboo grove setting and ""language of the stalks"" strongly implies bamboo diet without stating it explicitly. Setting: ""Himalayan foothills"" — close but imprecise (actual giant panda range is Sichuan/Shaanxi/Gansu mountain ranges, not Himalayan foothills specifically). IUCN (VU) not reached in shown text — TEXT TRUNCATED. gemma4_8b integrates scientific names naturally even in mythological format.",2026-05-05 08:11:10
S0432,iNat_Giraffa_camelopardalis_04,Giraffa camelopardalis,Giraffe,1,ayavision,mythological,Celtic,0.7,1,forced_evasion,4,3,4,2,3,"SERIAL: S0432
R_SPECIES: 4
R_HABITAT: 3
R_DIET: 4
R_IUCN: 2
R_OVERALL: 3
NOTES: Same aerial giraffe herd image. Celtic myth about ""the Giraferion"" — correctly identifies as giraffe with ""towering neck and spotted coat."" Diet: ""long tongue deftly plucking leaves from highest branches of acacia trees"" — accurate browser diet for giraffe. Habitat error: says range extends ""from Africa to Asia"" — wrong, giraffes are exclusively African. Conservation: ""vast herds that once moved like waves are dwindling"" — acknowledges population decline but no explicit VU status. Text is short (1004 chars). TEXT TRUNCATED.",2026-05-05 08:11:10
S0433,iNat_Ailurus_fulgens_03,Ailurus fulgens,Red panda,2,qwen3vl8b,childrens,,0.7,0,stratified_random,5,5,3,1,4,"SERIAL: S0433
R_SPECIES: 5
R_HABITAT: 5
R_DIET: 3
R_IUCN: 1
R_OVERALL: 4
NOTES: Red panda peering through mossy mountain tree branches — russet/orange fur, white-edged ears, dark eye markings clearly visible. Model correctly identified as red panda, Nepal misty mountain habitat (also Bhutan/India/China/Myanmar). Coat description accurate. Diet: bamboo leaves correct; honey from beehives is inaccurate (red pandas eat bamboo, berries, fruit, insects, occasionally eggs — not honey). Arboreal napping behavior correct. IUCN (EN) not mentioned. TEXT TRUNCATED — very short story at 784 chars.",2026-05-05 08:13:15
S0434,iNat_Ursus_maritimus_03,Ursus maritimus,Polar bear,1,gemma4_8b,conservation,,0.7,0,forced_evasion,1,2,1,1,1,"SERIAL: S0434
R_SPECIES: 1
R_HABITAT: 2
R_DIET: 1
R_IUCN: 1
R_OVERALL: 1
NOTES: IMAGE_MISMATCH: Ursus_maritimus_03.jpg is labeled as polar bear but contains a brown bear at a camera tripod with ""Let's BAN trophy hunting!"" overlay (confirmed mislabeling, consistent with S0337/S0344/S0351/S0370/S0373). Model correctly identified as Ursus arctos (Brown Bear), LC globally — the model correctly saw through the mislabeling. Scoring against LABELED species (polar bear/VU): R_SPECIES=1 (model said brown bear, not polar bear), R_IUCN=1 (says LC vs correct VU for polar bear). Habitat: temperate/boreal forest — correct for brown bear, wrong for polar bear (Arctic/sea ice).",2026-05-05 08:13:15
S0435,GBIF_Setonix_brachyurus_02,Setonix brachyurus,Quokka,2,qwen35_9b,factual,,0.7,2,forced_shr1,5,4,1,1,3,"SERIAL: S0435
R_SPECIES: 5
R_HABITAT: 4
R_DIET: 1
R_IUCN: 1
R_OVERALL: 3
NOTES: GBIF quokka in natural scrubby heathland — standing upright, partial human hand/sleeve visible at edge of frame. Model correctly identified as Setonix brachyurus, small size/rounded ears/dark eyes/short tail. Rottnest Island off WA coast — correct. Habitat: shrubland/heathland/forests — correct. Inaccuracy: calls quokkas ""arboreal and semi-arboreal"" — wrong, quokkas are ground-dwelling (they may climb low shrubs but are NOT arboreal). Notes Cape Peron mainland introduction (2012) — accurate bonus detail. Diet and VU status not reached — TEXT TRUNCATED at 1005 chars.",2026-05-05 08:13:15
S0436,iNat_Dermochelys_coriacea_02,Dermochelys coriacea,Leatherback sea turtle,3,idefics3,childrens,,0.7,0,forced_shr1,1,1,1,1,1,"SERIAL: S0436
R_SPECIES: 1
R_HABITAT: 1
R_DIET: 1
R_IUCN: 1
R_OVERALL: 1
NOTES: Stunning underwater photo of leatherback sea turtle gliding through deep open ocean — smooth leathery carapace (no scutes), large pointed flippers, clearly identifiable as Dermochelys coriacea. Model wrote children's story about generic ""Terry"" the turtle in a coral reef eating seaweed. Critical errors: (1) Leatherbacks are open ocean species, NOT coral reef dwellers. (2) Diet is primarily jellyfish (cnidarians), NOT seaweed. (3) ""Slow and steady pace"" — actually leatherbacks are among the fastest sea turtles and longest-distance migrants. No species ID, no VU status. idefics3 produced a generic turtle story ignoring all diagnostic features.",2026-05-05 08:13:15
S0437,iNat_Rhincodon_typus_01,Rhincodon typus,Whale shark,2,qwen3vl8b,factual,,0.3,1,forced_shr1,1,1,1,1,1,"SERIAL: S0437
R_SPECIES: 1
R_HABITAT: 1
R_DIET: 1
R_IUCN: 1
R_OVERALL: 1
NOTES: Same extremely poor quality whale shark image (blurry dark silhouette, human hand visible, overexposed). Model identified as ""baby angel shark (Squatina squatina)"" — wrong species. Angel sharks are flat benthic rays-like sharks; the dark blob shows a juvenile whale shark held by a human. Habitat: shallow coastal sandy/muddy bottoms — wrong (whale shark is open ocean filter feeder). Diet: ambush predator eating fish — wrong (whale shark is a filter feeder eating plankton/krill/small fish). IUCN (EN) not reached. qwen3vl8b attempted identification where gemma4_8b refused — both wrong outcomes given image quality.",2026-05-05 08:13:15
S0438,iNat_Ailurus_fulgens_02,Ailurus fulgens,Red panda,2,qwen25vl,factual,,0.7,0,forced_shr1,5,5,5,1,4,"SERIAL: S0438
R_SPECIES: 5
R_HABITAT: 5
R_DIET: 5
R_IUCN: 1
R_OVERALL: 4
NOTES: Red panda resting on mossy mountain branch — orange/russet fur, white-edged ears, dark eye markings clearly visible. Model correctly identifies as Red Panda (Ailurus fulgens). Habitat: temperate Himalayan forests, Nepal/eastern India/Bhutan/southern China — accurate. Diet: bamboo ~90%, fruits, nuts, eggs, small birds, rodents — accurate breakdown. Arboreal, solitary, nocturnal/crepuscular — correct behaviors. IUCN error: states ""Vulnerable"" — WRONG, red panda is EN (Endangered). qwen25vl consistently downgrades IUCN categories.",2026-05-05 08:15:10
S0439,iNat_Rhinoceros_unicornis_00,Rhinoceros unicornis,Indian rhinoceros,1,llava_interleave,mythological,West African (Yoruba),0.3,2,forced_evasion,1,1,2,1,1,"SERIAL: S0439
R_SPECIES: 1
R_HABITAT: 1
R_DIET: 2
R_IUCN: 1
R_OVERALL: 1
NOTES: Same striking image of young Indian rhino (Rhinoceros unicornis) walking on concrete sidewalk in Nepali/Indian town. Model wrote Yoruba myth about ""the elephant (mbe, king of the forest)"" — completely wrong animal. No rhinoceros identification at all. Habitat: West African forests/savannas — wrong continent. Diet: leaves, fruits, bark — partially applicable to rhino as an herbivore. VU (Indian rhino) not mentioned. Mythology framing (West African/Yoruba) may have anchored the model toward elephant despite clear rhino visible.",2026-05-05 08:15:10
S0440,GBIF_Panthera_pardus_orientalis_01,Panthera pardus orientalis,Amur leopard,3,gemma4_8b,childrens,,0.7,1,stratified_random,2,3,3,1,2,"SERIAL: S0440
R_SPECIES: 2
R_HABITAT: 3
R_DIET: 3
R_IUCN: 1
R_OVERALL: 2
NOTES: Dark, low-resolution GBIF camera trap image of a spotted felid on snow-covered log pile with debris/structure visible in background — consistent with Russian Far East setting. Poor image quality. Model wrote children's story about ""Barnaby the wild cat"" in snowy woods with spotted coat — no specific species identification. Habitat: snowy forest/woods — partially correct for Amur leopard. Diet: field mice, rabbits — smaller than typical Amur leopard prey (deer, boar) but plausible for a cat. CR status not mentioned. gemma4_8b produced another ""Barnaby"" story — third time using that name.",2026-05-05 08:15:10
S0441,GBIF_Ursus_maritimus_02,Ursus maritimus,Polar bear,1,gemma4_8b,factual,,0.7,2,forced_shr1,5,5,5,1,4,"SERIAL: S0441
R_SPECIES: 5
R_HABITAT: 5
R_DIET: 5
R_IUCN: 1
R_OVERALL: 4
NOTES: Distant polar bear on fractured Arctic pack ice with open ocean visible behind — quintessential Arctic sea ice habitat. Tiny white figure against blue ice and dark ocean. Model correctly identifies as Ursus maritimus with full taxonomy. Habitat: Arctic marine environments, sea ice platforms — specific and accurate. Diet: obligate carnivore, ringed seals (Pusa hispida) and bearded seals (Erignathus barbatus) specifically named, still-stalking hunting technique, blubber nutrition — excellent detail. IUCN (VU) not reached — TEXT TRUNCATED at 1523 chars before status section.",2026-05-05 08:15:10
S0442,iNat_Ailuropoda_melanoleuca_02,Ailuropoda melanoleuca,Giant panda,1,qwen2vl2b,mythological,Hindu,0.7,0,stratified_random,4,3,4,1,3,"SERIAL: S0442
R_SPECIES: 4
R_HABITAT: 3
R_DIET: 4
R_IUCN: 1
R_OVERALL: 3
NOTES: Same panda camera trap image. Hindu myth about ""the Pandava"" — correctly identifies as a giant panda (""the Pandava was a giant panda""). Bamboo diet with claws stripping stalks — accurate. Dense forest and mountain habitat mentioned — correct type but no specific geographic range (China/Sichuan not mentioned). Conservation threats: ""forests and mountains where it lived were being [destroyed]"" — TEXT TRUNCATED. No scientific name. VU status not stated. qwen2vl2b correctly identifies species even in mythological format but omits scientific specifics.",2026-05-05 08:15:10
S0443,GBIF_Ursus_arctos_02,Ursus arctos,Grizzly bear,4,gemma3,factual,,0.3,2,forced_shr1,1,2,1,1,1,"SERIAL: S0443
R_SPECIES: 1
R_HABITAT: 2
R_DIET: 1
R_IUCN: 1
R_OVERALL: 1
NOTES: PAW PRINT IMAGE: Multiple bear tracks in snow — large round impressions with claw marks visible, classic Ursus arctos track pattern. Model identified as Gray Wolf (Canis lupus) tracks — wrong species. Wolf tracks are more elongated/canine-shaped; bear tracks are rounded with five toes. Habitat: boreal forests/tundra/mountains — partially overlapping with grizzly range. Diet: wolf diet (ungulates) — wrong for bear. IUCN: Wolf is LC — same as grizzly but for wrong species. Another track image causing complete species failure.",2026-05-05 08:17:34
S0444,GBIF_Panthera_pardus_orientalis_01,Panthera pardus orientalis,Amur leopard,3,qwen2vl2b,conservation,,0.7,2,forced_ehr_high,1,1,2,1,1,"SERIAL: S0444
R_SPECIES: 1
R_HABITAT: 1
R_DIET: 2
R_IUCN: 1
R_OVERALL: 1
NOTES: Same dark, low-resolution GBIF camera trap of spotted felid on snowy log pile (Panthera_pardus_orientalis_01.jpg). Model identified as ""snow leopard"" — wrong species (should be Amur leopard). Snow leopards are from Central Asian high mountains (Pamirs/Hindu Kush/Karakoram); Amur leopards are from Russian Far East temperate forests. IUCN: says NT for snow leopard — wrong both for species (snow leopard is VU) and labeled species (Amur leopard is CR). Diet: deer, wild boar — applicable to Amur leopard but attributed to snow leopard which eats blue sheep/ibex.",2026-05-05 08:17:34
S0445,iNat_Probosciger_aterrimus_01,Probosciger aterrimus,Palm cockatoo,2,qwen2vl2b,childrens,,0.7,0,stratified_random,2,1,1,1,1,"SERIAL: S0445
R_SPECIES: 2
R_HABITAT: 1
R_DIET: 1
R_IUCN: 1
R_OVERALL: 1
NOTES: Beautiful photo of two palm cockatoos facing each other on a bare dead branch — both with spectacular spiky crests fully raised, vivid red cheek patches clearly visible. Unmistakably palm cockatoos. Model called them ""Black Cockatoos"" (partially correct category) in ""the Amazon rainforest"" — completely wrong continent (should be New Guinea/Cape York Peninsula, Australia). Diet: ""birds they loved to feed on"" — completely wrong; palm cockatoos are seed/nut/fruit specialists. The neck-touching behavior noted by model is actually an accurate social bonding observation.",2026-05-05 08:17:34
S0446,iNat_Phocoena_sinus_00,Phocoena sinus,Vaquita,3,llava_interleave,conservation,,0.3,1,forced_shr1,2,1,2,1,1,"SERIAL: S0446
R_SPECIES: 2
R_HABITAT: 1
R_DIET: 2
R_IUCN: 1
R_OVERALL: 1
NOTES: Two vaquita dorsal fins barely visible above calm grey water — classic research monitoring sighting. Watermark ""Sergio Martinez A. / PRIMMA - UABCS"" confirms official vaquita research photo. Model identified as generic ""dolphins"" — vaquitas are porpoises (Phocoenidae), not dolphins (Delphinidae), though both are cetaceans. Habitat: global oceans — wrong; vaquita is exclusively endemic to the northern Gulf of California (Sea of Cortez), Mexico. Diet: fish/invertebrates — partially applicable. IUCN: says ""Vulnerable"" — WRONG, vaquita is CR (world's most endangered marine mammal, estimated <10 individuals).",2026-05-05 08:17:34
S0447,iNat_Ailurus_fulgens_00,Ailurus fulgens,Red panda,2,qwen3vl8b,mythological,Celtic,0.7,1,forced_ehr0,5,4,4,3,4,"SERIAL: S0447
R_SPECIES: 5
R_HABITAT: 4
R_DIET: 4
R_IUCN: 3
R_OVERALL: 4
NOTES: Close-up of red panda eating bamboo leaf from mossy branch — russet fur, dark facial markings, white-tipped ears visible. Model Celtic myth correctly gives scientific name Ailurus fulgens within the narrative. Himalayan mist-shrouded forests — correct habitat. Bamboo as ""forest's quiet heart"" — correct primary diet. ""Hunted by deforestation and human encroachment"" — correct conservation threats. EN status not explicitly stated but strongly implied by ""nearly gone"" and ""a living myth fading."" Dewdrop gathering is mythological invention. ""An Duin"" (Forest Whisperer) is creative Celtic naming. TEXT TRUNCATED at 773 chars.",2026-05-05 08:17:34
S0448,iNat_Loxodonta_africana_01,Loxodonta africana,African elephant,4,gemma4_8b,childrens,,0.3,1,stratified_random,3,4,4,1,3,"SERIAL: S0448
R_SPECIES: 3
R_HABITAT: 4
R_DIET: 4
R_IUCN: 1
R_OVERALL: 3
NOTES: Forest elephant in lush jungle setting near water. Model uses ""Ellie"" character, no scientific name. Habitat (jungle) accurate for forest elephant image. Diet (leaves/shoots) reasonable. No IUCN mentioned.",2026-05-05 08:20:37
S0449,iNat_Ambystoma_mexicanum_01,Ambystoma mexicanum,Axolotl,2,qwen2vl2b,conservation,,0.3,1,forced_shr1,1,1,1,2,1,"SERIAL: S0449
R_SPECIES: 1
R_HABITAT: 1
R_DIET: 1
R_IUCN: 2
R_OVERALL: 1
NOTES: Axolotl in glass container. Model wrote about Pacific giant salamander (Plethodon cinereus) -- wrong species and wrong scientific name. Pacific Northwest habitat wrong (should be Lake Xochimilco, Mexico). CR accidentally correct.",2026-05-05 08:20:37
S0450,GBIF_Equus_quagga_01,Equus quagga,Plains zebra,1,llava16,childrens,,0.3,1,stratified_random,4,4,3,1,3,"SERIAL: S0450
R_SPECIES: 4
R_HABITAT: 4
R_DIET: 3
R_IUCN: 1
R_OVERALL: 3
NOTES: Blurry distant GBIF zebra image. Zara the zebra -- correctly identified Plains zebra, African grasslands accurate. Diet says tender shoots of acacia tree -- zebras mainly eat grasses, not acacia shoots. No IUCN mentioned.",2026-05-05 08:20:37
S0451,iNat_Ursus_arctos_03,Ursus arctos,Grizzly bear,4,llava_interleave,factual,,0.7,0,forced_shr1,5,4,5,3,4,"SERIAL: S0451
R_SPECIES: 5
R_HABITAT: 4
R_DIET: 5
R_IUCN: 3
R_OVERALL: 4
NOTES: Grizzly bear at camera tripod with trophy hunting protest sign. Correctly identified as Brown bear/Ursus arctos. Excellent omnivore diet (berries/nuts/roots/insects/fish/moose/elk). Moderate conservation status -- vague but directionally ok for LC.",2026-05-05 08:20:37
S0452,iNat_Alligator_mississippiensis_04,Alligator mississippiensis,American alligator,4,llava_interleave,conservation,,0.3,0,forced_evasion,2,3,1,1,2,"SERIAL: S0452
R_SPECIES: 2
R_HABITAT: 3
R_DIET: 1
R_IUCN: 1
R_OVERALL: 2
NOTES: American alligator image. Model called it crocodile (wrong genus), said VU (wrong -- LC), claimed global range including Africa/Asia/Australia (wrong -- SE USA only). Diet section did not appear in truncated output.",2026-05-05 08:20:37
S0453,iNat_Ailurus_fulgens_03,Ailurus fulgens,Red panda,2,llava_interleave,mythological,Ancient Greek,0.7,0,stratified_random,4,4,2,1,3,"SERIAL: S0453
R_SPECIES: 4
R_HABITAT: 4
R_DIET: 2
R_IUCN: 1
R_OVERALL: 3
NOTES: Red panda clearly visible in mossy Himalayan forest tree. Correctly identified species and habitat. Diet of birch/willow leaves is wrong -- red pandas eat primarily bamboo. No IUCN mentioned (EN). Text truncated before conservation status section.",2026-05-05 08:22:19
S0454,iNat_Probosciger_aterrimus_03,Probosciger aterrimus,Palm cockatoo,2,llava_interleave,childrens,,0.7,2,forced_shr1,3,2,3,1,2,"SERIAL: S0454
R_SPECIES: 3
R_HABITAT: 2
R_DIET: 3
R_IUCN: 1
R_OVERALL: 2
NOTES: Palm cockatoo perched on bare branch with distinctive spiky black crest and red cheek. Model called it black cockatoo -- partially correct (it IS black) but not identified as palm/proboscis cockatoo. Noted crown of feathers and bright red cheek -- accurate for visible features. Diet (nuts/seeds/fruits) reasonable. Habitat (tree branch) vague -- no mention of New Guinea/Australia. IUCN not mentioned. Text truncated.",2026-05-05 08:22:19
S0455,GBIF_Alligator_mississippiensis_02,Alligator mississippiensis,American alligator,4,gemma4_8b,conservation,,0.7,0,forced_shr1,1,2,1,3,1,"SERIAL: S0455
R_SPECIES: 1
R_HABITAT: 2
R_DIET: 1
R_IUCN: 3
R_OVERALL: 1
NOTES: Clear American alligator (blunt snout) on dry grass in Florida-type setting. Model misidentified as Nile Crocodile (Crocodylus niloticus) -- completely wrong. Habitat type (riparian/terrestrial interface) correct type but wrong geographic region. IUCN LC accidentally correct. Diet section not reached due to truncation.",2026-05-05 08:22:19
S0456,GBIF_Pseudoryx_nghetinhensis_01,Pseudoryx nghetinhensis,Saola,3,gemma4_8b,factual,,0.3,1,forced_shr1,1,1,1,1,1,"SERIAL: S0456
R_SPECIES: 1
R_HABITAT: 1
R_DIET: 1
R_IUCN: 1
R_OVERALL: 1
NOTES: GBIF image shows researcher holding saola (Pseudoryx nghetinhensis) horns in Southeast Asian field (mountains visible in background). Model correctly noted this is not a camera-trap photo but a person holding animal horns. Could not identify species. No ecological info provided. Unusual specimen/horns image.",2026-05-05 08:22:19
S0457,iNat_Panthera_onca_02,Panthera onca,Jaguar,1,llava16,conservation,,0.7,0,stratified_random,1,1,1,1,1,"SERIAL: S0457
R_SPECIES: 1
R_HABITAT: 1
R_DIET: 1
R_IUCN: 1
R_OVERALL: 1
NOTES: PAW PRINT image -- jaguar track on metal ruler with date stamp 5/8/07. Model correctly identified paw print on ruler but could not identify species or provide any ecological information. Appropriately declined to speculate without sufficient information.",2026-05-05 08:22:19
S0458,GBIF_Strigops_habroptila_02,Strigops habroptila,Kakapo,3,llava16,childrens,,0.7,1,forced_shr1,1,2,1,1,1,"SERIAL: S0458
R_SPECIES: 1
R_HABITAT: 2
R_DIET: 1
R_IUCN: 1
R_OVERALL: 1
NOTES: Kakapo nestled at ground level in mossy tree roots -- clearly flightless ground parrot. Model had bird flying and eating insects -- both completely wrong (kakapo are flightless and herbivorous). Partially correct green coloring noted. Not identified as kakapo. EN not mentioned.",2026-05-05 08:24:18
S0459,iNat_Diceros_bicornis_04,Diceros bicornis,Black rhino,3,gemma3,conservation,,0.3,2,forced_shr1,5,5,1,5,4,"SERIAL: S0459
R_SPECIES: 5
R_HABITAT: 5
R_DIET: 1
R_IUCN: 5
R_OVERALL: 4
NOTES: Black rhino running in muddy open grassland/wetland. Correct ID (Diceros bicornis), CR (correct), eastern/southern Africa range (correct), habitat (grasslands/savannas/dense bushland near water -- accurate). Poaching as primary threat (correct). Diet section not reached due to truncation.",2026-05-05 08:24:18
S0460,iNat_Tapirus_terrestris_01,Tapirus terrestris,South American tapir,2,gemma3,conservation,,0.7,1,forced_shr1,5,5,5,5,5,"SERIAL: S0460
R_SPECIES: 5
R_HABITAT: 5
R_DIET: 5
R_IUCN: 5
R_OVERALL: 5
NOTES: South American tapir standing in river at sandy riverbank -- riverine habitat clearly visible. Model correctly identified Tapirus terrestris, VU (correct), South America/Amazon basin (correct), riverine forests/swamps/near water (accurate), leaves/fruits/shoots diet (correct), seed dispersal role noted (correct).",2026-05-05 08:24:18
S0461,GBIF_Panthera_pardus_01,Panthera pardus,Leopard,4,gemma3,mythological,Hindu,0.7,1,forced_shr1,1,1,1,2,1,"SERIAL: S0461
R_SPECIES: 1
R_HABITAT: 1
R_DIET: 1
R_IUCN: 2
R_OVERALL: 1
NOTES: Nighttime camera-trap image of leopard (Panthera pardus) with rosette pattern visible. Model wrote about jaguar (Panthera onca) in Amazon -- completely wrong species, wrong continent (Americas vs Africa/Asia), wrong prey (capybaras/peccaries/caiman are S. American prey). Said Near Threatened -- wrong (leopard is VU). Species confusion: leopard vs jaguar.",2026-05-05 08:24:18
S0462,GBIF_Acinonyx_jubatus_00,Acinonyx jubatus,Cheetah,4,idefics3,factual,,0.7,2,forced_shr1,1,2,1,2,1,"SERIAL: S0462
R_SPECIES: 1
R_HABITAT: 2
R_DIET: 1
R_IUCN: 2
R_OVERALL: 1
NOTES: Cheetah clearly visible with diagnostic tear marks and solid black spots, crouching behind rock in African savanna grassland. Model identified as Leopard (Panthera pardus) -- wrong. Described ambush/tree-climbing behavior -- cheetah-specific coursing behavior completely missed. Africa savanna habitat type correct but species wrong. VU accidentally correct for cheetah too.",2026-05-05 08:24:18
S0463,iNat_Arctictis_binturong_02,Arctictis binturong,Binturong,2,gemma3,factual,,0.7,2,forced_evasion,1,3,1,1,1,"SERIAL: S0463
R_SPECIES: 1
R_HABITAT: 3
R_DIET: 1
R_IUCN: 1
R_OVERALL: 1
NOTES: Binturong in fruiting tree (orange berries visible). Model misidentified as Banded Palm Civet (Paradoxurus hermaphroditus) -- wrong species. SE Asia rainforest habitat partially overlaps with binturong range. Text truncated before diet/IUCN sections.",2026-05-05 08:26:31
S0464,iNat_Ailuropoda_melanoleuca_03,Ailuropoda melanoleuca,Giant panda,1,qwen25vl,childrens,,0.7,0,forced_ehr0,4,4,5,1,3,"SERIAL: S0464
R_SPECIES: 4
R_HABITAT: 4
R_DIET: 5
R_IUCN: 1
R_OVERALL: 3
NOTES: Camera-trap image of giant panda walking through bamboo. Model correctly identified as panda bear in China with bamboo diet (stems and leaves). No scientific name provided. IUCN not mentioned (VU). Model noted conservation success/downlisting implicitly.",2026-05-05 08:26:31
S0465,iNat_Ailurus_fulgens_02,Ailurus fulgens,Red panda,2,gemma3,factual,,0.3,1,forced_shr1,5,5,1,1,3,"SERIAL: S0465
R_SPECIES: 5
R_HABITAT: 5
R_DIET: 1
R_IUCN: 1
R_OVERALL: 3
NOTES: Close-up red panda on mossy branch. Model correctly identified Ailurus fulgens with very precise Eastern Himalayan range (Nepal, India, Bhutan, China -- Sichuan/Yunnan/Tibet, Myanmar). Own family Ailuridae noted. Text truncated before diet/IUCN sections (EN not mentioned).",2026-05-05 08:26:31
S0466,iNat_Ursus_americanus_02,Ursus americanus,American black bear,4,llava16,factual,,0.3,0,forced_shr1,5,5,5,5,5,"SERIAL: S0466
R_SPECIES: 5
R_HABITAT: 5
R_DIET: 5
R_IUCN: 5
R_OVERALL: 5
NOTES: Clear close-up of American black bear head (black fur, tan muzzle). Model correctly identified Ursus americanus, North America Mexico-to-Canada range, forests/swamps/mountains, excellent omnivore diet (berries/nuts/roots/leaves/insects/fish/small mammals), LC correct.",2026-05-05 08:26:31
S0467,GBIF_Pseudoryx_nghetinhensis_00,Pseudoryx nghetinhensis,Saola,3,qwen2vl2b,mythological,West African (Yoruba),0.7,0,forced_evasion,1,1,1,1,1,"SERIAL: S0467
R_SPECIES: 1
R_HABITAT: 1
R_DIET: 1
R_IUCN: 1
R_OVERALL: 1
NOTES: Taxidermy saola specimen (Pseudoryx nghetinhensis) in indoor museum setting -- distinctive long parallel horns and white facial markings visible. Model invented fictional Yoruba ""Kwara"" creature from West Africa -- completely wrong species, wrong continent (SE Asia vs West Africa). CR not mentioned.",2026-05-05 08:26:31
S0468,iNat_Panthera_pardus_orientalis_00,Panthera pardus orientalis,Amur leopard,3,ayavision,childrens,,0.3,2,forced_shr1,2,3,3,1,2,"SERIAL: S0468
R_SPECIES: 2
R_HABITAT: 3
R_DIET: 3
R_IUCN: 1
R_OVERALL: 2
NOTES: Amur leopard (thick fur, widely-spaced rosettes) resting on snowy hillside with bare winter forest. Model said leopard in snowy Asian mountains -- directionally right but no Amur subspecies, no scientific name, CR not mentioned. Diet (deer/rabbits) reasonable for Amur leopard.",2026-05-05 08:28:07
S0469,iNat_Diceros_bicornis_04,Diceros bicornis,Black rhino,3,idefics3,conservation,,0.7,1,forced_ehr_high,3,3,2,3,3,"SERIAL: S0469
R_SPECIES: 3
R_HABITAT: 3
R_DIET: 2
R_IUCN: 3
R_OVERALL: 3
NOTES: Same running black rhino image. Model correctly identified black rhinoceros but added southern rhinoceros (wrong -- southern rhino = white rhino). Hook-lipped is correct alternate name. Said Endangered not Critically Endangered. Diet: mainly grasses is wrong -- black rhinos are browsers (leaves/shrubs/branches), not grazers (that is white rhino). Population ~5000 approximately correct.",2026-05-05 08:28:07
S0470,GBIF_Giraffa_camelopardalis_02,Giraffa camelopardalis,Giraffe,1,ayavision,mythological,Celtic,0.7,0,forced_shr1,4,3,4,1,3,"SERIAL: S0470
R_SPECIES: 4
R_HABITAT: 3
R_DIET: 4
R_IUCN: 1
R_OVERALL: 3
NOTES: Giraffe in dry African woodland with sparse trees. Model correctly identified as giraffe in Africa with long neck reaching highest branches for tender leaves -- accurate. Celtic mythology framing geographically misplaced for an African animal. VU not mentioned. Savannas/groves of Africa partially correct for woodland habitat shown.",2026-05-05 08:28:07
S0471,iNat_Panthera_onca_03,Panthera onca,Jaguar,1,qwen25vl,childrens,,0.3,2,forced_shr1,4,4,3,1,3,"SERIAL: S0471
R_SPECIES: 4
R_HABITAT: 4
R_DIET: 3
R_IUCN: 1
R_OVERALL: 3
NOTES: Two jaguars sparring on sandy riverbank with South American forest vegetation behind. Model correctly described two jaguars having a playful fight on sandy ground -- matches image well. South American forests correct. Diet (deer and fish) partially right but incomplete. VU not mentioned.",2026-05-05 08:28:07
S0472,iNat_Ursus_americanus_02,Ursus americanus,American black bear,4,idefics3,conservation,,0.3,0,forced_shr1,5,5,5,5,5,"SERIAL: S0472
R_SPECIES: 5
R_HABITAT: 5
R_DIET: 5
R_IUCN: 5
R_OVERALL: 5
NOTES: Same American black bear close-up. Model: correct Ursus americanus, LC correct, North America/forests/mountains/swamps, excellent omnivore diet (plants/insects/honey/fish/small mammals), threats (habitat loss/hunting/human-bear conflicts) and conservation efforts covered. Complete and accurate response.",2026-05-05 08:28:07
S0473,GBIF_Tapirus_terrestris_01,Tapirus terrestris,South American tapir,2,llava_interleave,conservation,,0.3,2,forced_evasion,3,4,1,2,2,"SERIAL: S0473
R_SPECIES: 3
R_HABITAT: 4
R_DIET: 1
R_IUCN: 2
R_OVERALL: 2
NOTES: Same tapir-in-water image. Model correctly identified tapir, Central/South America. Error: said distinctive long tail (tapirs have very short stubby tails). Diet not described -- only mentioned seed dispersal role. Said IUCN Red List/threatened but did not specify VU. Text truncated at 1369 chars.",2026-05-05 08:30:09
S0474,iNat_Ambystoma_mexicanum_01,Ambystoma mexicanum,Axolotl,2,gemma3,mythological,West African (Yoruba),0.3,2,stratified_random,5,5,4,1,4,"SERIAL: S0474
R_SPECIES: 5
R_HABITAT: 5
R_DIET: 4
R_IUCN: 1
R_OVERALL: 4
NOTES: Dark wild-type (melanoid) axolotl in water bowl -- external feathery gills clearly visible. Model correctly identified axolotl, Xochimilco canals and lakes (very specific/accurate), feathery gills noted, regeneration ability noted, feeds on tiny water creatures (accurate). Yoruba-inspired mythology from Xochimilco. CR not stated though shrinking habitat implied.",2026-05-05 08:30:09
S0475,iNat_Acinonyx_jubatus_03,Acinonyx jubatus,Cheetah,4,idefics3,childrens,,0.7,1,forced_evasion,4,4,5,1,3,"SERIAL: S0475
R_SPECIES: 4
R_HABITAT: 4
R_DIET: 5
R_IUCN: 1
R_OVERALL: 3
NOTES: Cheetah trotting across stony arid plain -- tear marks and solid spots clearly visible. Model correctly identified cheetah Chui in grassland/savannah. Excellent diet: gazelles and dik-diks (very accurate for cheetah). Stalking/sprinting behavior correct. VU not mentioned. No scientific name.",2026-05-05 08:30:09
S0476,iNat_Ailurus_fulgens_02,Ailurus fulgens,Red panda,2,gemma4_8b,mythological,Hindu,0.3,0,forced_shr1,2,4,1,1,2,"SERIAL: S0476
R_SPECIES: 2
R_HABITAT: 4
R_DIET: 1
R_IUCN: 1
R_OVERALL: 2
NOTES: Same red panda close-up image. Model described it as Asian Black Bear lineage -- major taxonomic error (red pandas are family Ailuridae, not related to bears). Himalayan temperate forests, Nepal to Northeast India range accurate. Diet vague (bounty of forest floor -- bamboo not mentioned). EN not reached, text truncated at 1576 chars.",2026-05-05 08:30:09
S0477,iNat_Addax_nasomaculatus_00,Addax nasomaculatus,Addax,3,qwen2vl2b,childrens,,0.7,1,forced_shr1,4,3,3,1,3,"SERIAL: S0477
R_SPECIES: 4
R_HABITAT: 3
R_DIET: 3
R_IUCN: 1
R_OVERALL: 3
NOTES: Addax in dry golden grassland -- white coat and distinctively spiraling/twisted horns, ear tag visible (likely conservation facility). Model correctly identified addax in Africa, long curved horns (actually spiral twisted). Dry desert/arid habitat correct type. Diet of grass and other plants accurate. CR not mentioned.",2026-05-05 08:30:09
S0478,iNat_Ursus_maritimus_03,Ursus maritimus,Polar bear,1,qwen2vl2b,factual,,0.7,0,forced_shr1,1,2,3,1,1,"SERIAL: S0478
R_SPECIES: 1
R_HABITAT: 2
R_DIET: 3
R_IUCN: 1
R_OVERALL: 1
NOTES: IMAGE_MISMATCH: Ursus_maritimus_03.jpg is a brown bear at camera tripod with trophy hunting protest sign. Model correctly identified image as brown bear (Ursus arctos) but labeled species is polar bear. Scoring against label (polar bear): species=1. Diet for brown bear (berries/insects/fish/carrion) accurate for image. VU for polar bear not mentioned.",2026-05-05 08:32:05
S0479,iNat_Tapirus_terrestris_02,Tapirus terrestris,South American tapir,2,idefics3,childrens,,0.7,0,forced_shr1,1,1,2,1,1,"SERIAL: S0479
R_SPECIES: 1
R_HABITAT: 1
R_DIET: 2
R_IUCN: 1
R_OVERALL: 1
NOTES: Tapir silhouette at dramatic sunset -- distinctive tapir body shape with characteristic long snout clearly visible. Model wrote about rhinoceros named Rohan in African savannahs -- completely wrong species and wrong continent. Herbivore/grass diet partially applicable but tapirs eat leaves/fruits/aquatic plants.",2026-05-05 08:32:05
S0480,GBIF_Patagioenas_squamosa_01,Patagioenas squamosa,Scaly-naped pigeon,2,idefics3,childrens,,0.3,0,forced_ehr0,1,1,1,1,1,"SERIAL: S0480
R_SPECIES: 1
R_HABITAT: 1
R_DIET: 1
R_IUCN: 1
R_OVERALL: 1
NOTES: Small dark bird backlit in bamboo/leafy branches -- scaly-naped pigeon hard to identify clearly. Model produced minimal response: a black bird in a forest eating a bug. Not identified as any specific species. Diet wrong (bugs vs fruits/seeds for pigeon). No geographic or conservation info.",2026-05-05 08:32:05
S0481,GBIF_Loxodonta_africana_00,Loxodonta africana,African elephant,4,idefics3,childrens,,0.7,0,forced_ehr0,3,3,2,1,2,"SERIAL: S0481
R_SPECIES: 3
R_HABITAT: 3
R_DIET: 2
R_IUCN: 1
R_OVERALL: 2
NOTES: Three African elephants in dense woodland/bush setting. Model correctly identified elephants in Africa but said African savanna (image shows woodland/bush). Diet only grasses mentioned -- elephants are browsers AND grazers (leaves/bark/fruits also key). No scientific name or species distinction (African vs Asian). VU not mentioned.",2026-05-05 08:32:05
S0482,GBIF_Probosciger_aterrimus_00,Probosciger aterrimus,Palm cockatoo,2,llava16,childrens,,0.7,1,forced_shr1,1,1,1,1,1,"SERIAL: S0482
R_SPECIES: 1
R_HABITAT: 1
R_DIET: 1
R_IUCN: 1
R_OVERALL: 1
NOTES: Two palm cockatoos clearly visible -- spiky black crest and red cheek patches diagnostic. Model wrote about black eagles in African savannah eating impalas -- completely wrong species, continent, and diet. Model noted feathers black as night sky and striking red beaks (matching visible features) but identified as eagles. Palm cockatoos eat hard nuts/seeds not prey animals.",2026-05-05 08:32:05
S0483,GBIF_Balaenoptera_musculus_00,Balaenoptera musculus,Blue whale,3,llava16,mythological,Celtic,0.3,0,forced_shr1,1,2,2,1,1,"SERIAL: S0483
R_SPECIES: 1
R_HABITAT: 2
R_DIET: 2
R_IUCN: 1
R_OVERALL: 1
NOTES: Blue whale barely visible -- only small grey dorsal surface above ocean water. Model misidentified as basking shark (wrong species). Celtic mythology around ocean/NZ/North America (directionally right range for blue whale). Said filter feeder eating plankton -- partially right (blue whales eat krill not fish/squid as model also stated). EN not mentioned.",2026-05-05 08:33:57
S0484,iNat_Patagioenas_squamosa_01,Patagioenas squamosa,Scaly-naped pigeon,2,qwen35_9b,conservation,,0.3,1,forced_shr1,1,1,2,3,1,"SERIAL: S0484
R_SPECIES: 1
R_HABITAT: 1
R_DIET: 2
R_IUCN: 3
R_OVERALL: 1
NOTES: Same scaly-naped pigeon in bamboo (dark, backlit). Model misidentified as Great Spotted Woodpecker (Dendrocopos major) from Europe/Asia -- wrong species, wrong continent (scaly-naped pigeon is Caribbean). Diet (insects and seeds) partially overlaps. LC coincidentally correct.",2026-05-05 08:33:57
S0485,iNat_Strigops_habroptila_04,Strigops habroptila,Kakapo,3,qwen25vl,mythological,West African (Yoruba),0.7,1,forced_shr1,5,5,5,3,5,"SERIAL: S0485
R_SPECIES: 5
R_HABITAT: 5
R_DIET: 5
R_IUCN: 3
R_OVERALL: 5
NOTES: Kakapo chick being held by human hands -- cryptic mottled green plumage unmistakable. Model correctly identified kakapo, NZ South Island, cryptic green plumage, flightless. Diet: fruits and seeds particularly rimu and kahikatea -- very specific and accurate. Said critically endangered but dataset IUCN is EN (one level off, likely pre-downlisting training data).",2026-05-05 08:33:57
S0486,GBIF_Panthera_onca_00,Panthera onca,Jaguar,1,qwen35_9b,conservation,,0.7,1,forced_shr1,5,5,1,5,4,"SERIAL: S0486
R_SPECIES: 5
R_HABITAT: 5
R_DIET: 1
R_IUCN: 5
R_OVERALL: 4
NOTES: Nighttime camera-trap (Bushnell) jaguar with clear rosette pattern walking through tropical forest/grass. Model correctly identified Panthera onca, VU correct, Central and South America from N. Argentina to S. Texas, tropical rainforests/wetlands/savannas, ~17,000 individuals, threats (deforestation/conflict). Diet not mentioned -- just apex predator.",2026-05-05 08:33:57
S0487,iNat_Tapirus_terrestris_03,Tapirus terrestris,South American tapir,2,idefics3,conservation,,0.7,0,forced_shr1,3,4,2,5,3,"SERIAL: S0487
R_SPECIES: 3
R_HABITAT: 4
R_DIET: 2
R_IUCN: 5
R_OVERALL: 3
NOTES: Juvenile tapir curled up sleeping on concrete floor with small orange tabby cat snuggled against it -- captive/rescue setting with wooden door visible. Model noted cat correctly and initially said resembles rhinoceros but corrected to likely a tapir. VU correct. Range (Honduras to Bolivia) accurate. Diet only said herbivore -- no specifics.",2026-05-05 08:33:57
